Genus,Class,Order,Family
Abiotrophia,Bacilli,Lactobacillales,Aerococcaceae
Abyssalbus,Flavobacteriia,Flavobacteriales,Flavobacteriaceae
Abyssibius,Alphaproteobacteria,Rhodobacterales,Paracoccaceae
Abyssicoccus,Bacilli,Bacillales,Abyssicoccaceae
Acaryochloris,Cyanophyceae,Acaryochloridales,Acaryochloridaceae
Aceticella,Clostridia,Thermoanaerobacterales,Thermoanaerobacteraceae
Acetilactobacillus,Bacilli,Lactobacillales,Lactobacillaceae
Acetivibrio,Clostridia,Eubacteriales,Oscillospiraceae
Acetoanaerobium,Clostridia,Peptostreptococcales,Filifactoraceae
Acetobacter,Alphaproteobacteria,Acetobacterales,Acetobacteraceae
Acetobacterium,Clostridia,Eubacteriales,Eubacteriaceae
Acetohalobium,Clostridia,Halanaerobiales,Halobacteroidaceae
Acholeplasma,Mollicutes,Acholeplasmatales,Acholeplasmataceae
Achromobacter,Betaproteobacteria,Burkholderiales,Alcaligenaceae
Acidaminococcus,Negativicutes,Acidaminococcales,Acidaminococcaceae
Acidianus,Thermoprotei,Sulfolobales,Sulfolobaceae
Acidibrevibacterium,Alphaproteobacteria,Acetobacterales,Acetobacteraceae
Acididesulfobacillus,Clostridia,Eubacteriales,Peptococcaceae
Acidiferrobacter,Gammaproteobacteria,Acidiferrobacterales,Acidiferrobacteraceae
Acidihalobacter,Gammaproteobacteria,Chromatiales,Ectothiorhodospiraceae
Acidilobus,Thermoprotei,Acidilobales,Acidilobaceae
Acidilutibacter,Tissierellia,Tissierellales,Acidilutibacteraceae
Acidimicrobium,Acidimicrobiia,Acidimicrobiales,Acidimicrobiaceae
Acidiphilium,Alphaproteobacteria,Acetobacterales,Acidocellaceae
Acidipropionibacterium,Actinomycetes,Propionibacteriales,Propionibacteriaceae
Acidisarcina,Terriglobia,Terriglobales,Acidobacteriaceae
Acidisoma,Alphaproteobacteria,Acetobacterales,Acidocellaceae
Acidithiobacillus,Acidithiobacillia,Acidithiobacillales,Acidithiobacillaceae
Acidobacterium,Terriglobia,Terriglobales,Acidobacteriaceae
Acidocella,Alphaproteobacteria,Acetobacterales,Acidocellaceae
Acidothermus,Actinomycetes,Acidothermales,Acidothermaceae
Acidovorax,Betaproteobacteria,Burkholderiales,Comamonadaceae
Aciduricibacillus,Bacilli,Bacillales,Bacillaceae
Acinetobacter,Gammaproteobacteria,Moraxellales,Moraxellaceae
Actibacterium,Alphaproteobacteria,Rhodobacterales,Roseobacteraceae
Actimicrobium,Betaproteobacteria,Burkholderiales,Oxalobacteraceae
Actinacidiphila,Actinomycetes,Kitasatosporales,Streptomycetaceae
Actinarchaeum,Halobacteria,Halobacteriales,Halobacteriaceae
Actinoallomurus,Actinomycetes,Streptosporangiales,Thermomonosporaceae
Actinoalloteichus,Actinomycetes,Pseudonocardiales,Pseudonocardiaceae
Actinobacillus,Gammaproteobacteria,Pasteurellales,Pasteurellaceae
Actinobaculum,Actinomycetes,Actinomycetales,Actinomycetaceae
Actinocatenispora,Actinomycetes,Micromonosporales,Micromonosporaceae
Actinokineospora,Actinomycetes,Pseudonocardiales,Pseudonocardiaceae
Actinomadura,Actinomycetes,Streptosporangiales,Thermomonosporaceae
Actinomarinicola,Acidimicrobiia,Acidimicrobiales,Iamiaceae
Actinomyces,Actinomycetes,Actinomycetales,Actinomycetaceae
Actinomycetospora,Actinomycetes,Pseudonocardiales,Pseudonocardiaceae
Actinoplanes,Actinomycetes,Micromonosporales,Micromonosporaceae
Actinopolyspora,Actinomycetes,Actinopolysporales,Actinopolysporaceae
Actinosynnema,Actinomycetes,Pseudonocardiales,Pseudonocardiaceae
Actinotalea,Actinomycetes,Micrococcales,Cellulomonadaceae
Actinotignum,Actinomycetes,Actinomycetales,Actinomycetaceae
Actomonas,Opitutia,Opitutales,Opitutaceae
Acuticoccus,Alphaproteobacteria,Hyphomicrobiales,Amorphaceae
Adhaeretor,Planctomycetia,Pirellulales,Lacipirellulaceae
Adhaeribacter,Cytophagia,Cytophagales,Hymenobacteraceae
Adlercreutzia,Coriobacteriia,Eggerthellales,Eggerthellaceae
Advenella,Betaproteobacteria,Burkholderiales,Alcaligenaceae
Aedoeadaptatus,Tissierellia,Tissierellales,Peptoniphilaceae
Aegicerativicinus,Flavobacteriia,Flavobacteriales,Flavobacteriaceae
Aeoliella,Planctomycetia,Pirellulales,Lacipirellulaceae
Aequoribacter,Gammaproteobacteria,Cellvibrionales,Halieaceae
Aequorivita,Flavobacteriia,Flavobacteriales,Flavobacteriaceae
Aeribacillus,Bacilli,Bacillales,Bacillaceae
Aerococcus,Bacilli,Lactobacillales,Aerococcaceae
Aeromicrobium,Actinomycetes,Propionibacteriales,Nocardioidaceae
Aeromonas,Gammaproteobacteria,Aeromonadales,Aeromonadaceae
Aerophototrophica,Alphaproteobacteria,Rhodospirillales,Rhodospirillaceae
Aeropyrum,Thermoprotei,Desulfurococcales,Desulfurococcaceae
Aerosticca,Gammaproteobacteria,Lysobacterales,Rhodanobacteraceae
Aestuariibaculum,Flavobacteriia,Flavobacteriales,Flavobacteriaceae
Aestuariibius,Alphaproteobacteria,Rhodobacterales,Paracoccaceae
Aestuariispira,Alphaproteobacteria,Rhodospirillales,Kiloniellaceae
Afifella,Alphaproteobacteria,Hyphomicrobiales,Afifellaceae
Afipia,Alphaproteobacteria,Hyphomicrobiales,Nitrobacteraceae
Agaribacterium,Gammaproteobacteria,Cellvibrionales,Cellvibrionaceae
Agarilytica,Gammaproteobacteria,Cellvibrionales,Cellvibrionaceae
Agarivorans,Gammaproteobacteria,Alteromonadales,Alteromonadaceae
Agathobacter,Clostridia,Lachnospirales,Lachnospiraceae
Agathobaculum,Clostridia,Eubacteriales,Butyricicoccaceae
Aggregatibacter,Gammaproteobacteria,Pasteurellales,Pasteurellaceae
Aggregatimonas,Flavobacteriia,Flavobacteriales,Flavobacteriaceae
Agreia,Actinomycetes,Micrococcales,Microbacteriaceae
Agrilactobacillus,Bacilli,Lactobacillales,Lactobacillaceae
Agrilutibacter,Gammaproteobacteria,Lysobacterales,Lysobacteraceae
Agrobacterium,Alphaproteobacteria,Hyphomicrobiales,Rhizobiaceae
Agrococcus,Actinomycetes,Micrococcales,Microbacteriaceae
Agromyces,Actinomycetes,Micrococcales,Microbacteriaceae
Ahniella,Gammaproteobacteria,Lysobacterales,Rhodanobacteraceae
Ahrensia,Alphaproteobacteria,Hyphomicrobiales,Ahrensiaceae
Akkermansia,Verrucomicrobiia,Verrucomicrobiales,Akkermansiaceae
Alcaligenes,Betaproteobacteria,Burkholderiales,Alcaligenaceae
Alcanivorax,Gammaproteobacteria,Oceanospirillales,Alcanivoracaceae
Algibacter,Flavobacteriia,Flavobacteriales,Flavobacteriaceae
Algicella,Alphaproteobacteria,Rhodobacterales,Paracoccaceae
Algihabitans,Alphaproteobacteria,Rhodospirillales,Rhodospirillaceae
Algimonas,Alphaproteobacteria,Maricaulales,Robiginitomaculaceae
Algirhabdus,Alphaproteobacteria,Rhodobacterales,Roseobacteraceae
Algoriphagus,Cytophagia,Cytophagales,Cyclobacteriaceae
Aliamphritea,Gammaproteobacteria,Oceanospirillales,Oceanospirillaceae
Aliarcobacter,Epsilonproteobacteria,Campylobacterales,Arcobacteraceae
Alicycliphilus,Betaproteobacteria,Burkholderiales,Comamonadaceae
Alicyclobacillus,Bacilli,Bacillales,Alicyclobacillaceae
Aliiglaciecola,Gammaproteobacteria,Alteromonadales,Alteromonadaceae
Aliirhizobium,Alphaproteobacteria,Hyphomicrobiales,Rhizobiaceae
Aliiroseovarius,Alphaproteobacteria,Rhodobacterales,Paracoccaceae
Aliisedimentitalea,Alphaproteobacteria,Rhodobacterales,Roseobacteraceae
Aliivibrio,Gammaproteobacteria,Vibrionales,Vibrionaceae
Alishewanella,Gammaproteobacteria,Alteromonadales,Alteromonadaceae
Alistipes,Bacteroidia,Bacteroidales,Rikenellaceae
Alkalibacillus,Bacilli,Bacillales,Bacillaceae
Alkalibacter,Clostridia,Eubacteriales,Eubacteriaceae
Alkalibacterium,Bacilli,Lactobacillales,Carnobacteriaceae
Alkalicella,Clostridia,Eubacteriales,Proteinivoraceae
Alkalicoccus,Bacilli,Bacillales,Bacillaceae
Alkalihalobacillus,Bacilli,Bacillales,Bacillaceae
Alkalihalophilus,Bacilli,Bacillales,Bacillaceae
Alkalilimnicola,Gammaproteobacteria,Chromatiales,Ectothiorhodospiraceae
Alkalimarinus,Gammaproteobacteria,Alteromonadales,Alteromonadaceae
Alkaliphilus,Clostridia,Peptostreptococcales,Natronincolaceae
Alkalitalea,Bacteroidia,Marinilabiliales,Marinilabiliaceae
Alloacidobacterium,Terriglobia,Terriglobales,Acidobacteriaceae
Alloactinosynnema,Actinomycetes,Pseudonocardiales,Pseudonocardiaceae
Alloalcanivorax,Gammaproteobacteria,Oceanospirillales,Alcanivoracaceae
Allobacillus,Bacilli,Bacillales,Bacillaceae
Allobaculum,Erysipelotrichia,Erysipelotrichales,Erysipelotrichaceae
Allobranchiibius,Actinomycetes,Micrococcales,Dermacoccaceae
Allochromatium,Gammaproteobacteria,Chromatiales,Chromatiaceae
Allocoleopsis,Cyanophyceae,Coleofasciculales,Coleofasciculaceae
Allofrancisella,Gammaproteobacteria,Thiotrichales,Francisellaceae
Allohahella,Gammaproteobacteria,Oceanospirillales,Hahellaceae
Allomeiothermus,Deinococci,Thermales,Thermaceae
Allomuricauda,Flavobacteriia,Flavobacteriales,Flavobacteriaceae
Allorhizobium,Alphaproteobacteria,Hyphomicrobiales,Rhizobiaceae
Allosaccharopolyspora,Actinomycetes,Pseudonocardiales,Pseudonocardiaceae
Allotamlana,Flavobacteriia,Flavobacteriales,Flavobacteriaceae
Alloyangia,Alphaproteobacteria,Rhodobacterales,Roseobacteraceae
Alsobacter,Alphaproteobacteria,Hyphomicrobiales,Alsobacteraceae
Alteracholeplasma,Mollicutes,Acholeplasmatales,Acholeplasmataceae
Altererythrobacter,Alphaproteobacteria,Sphingomonadales,Erythrobacteraceae
Altericista,Cyanophyceae,Synechococcales,Unknown
Alteriqipengyuania,Alphaproteobacteria,Sphingomonadales,Erythrobacteraceae
Alterisphingorhabdus,Alphaproteobacteria,Sphingomonadales,Sphingomonadaceae
Alteromonas,Gammaproteobacteria,Alteromonadales,Alteromonadaceae
Alysiella,Betaproteobacteria,Neisseriales,Neisseriaceae
Amaricoccus,Alphaproteobacteria,Rhodobacterales,Paracoccaceae
Amedibacillus,Erysipelotrichia,Erysipelotrichales,Erysipelotrichaceae
Amedibacterium,Erysipelotrichia,Erysipelotrichales,Erysipelotrichaceae
Aminipila,Clostridia,Peptostreptococcales,Anaerovoracaceae
Aminirod,Synergistia,Synergistales,Aminiphilaceae
Aminithiophilus,Synergistia,Synergistales,Aminithiophilaceae
Aminobacter,Alphaproteobacteria,Hyphomicrobiales,Phyllobacteriaceae
Aminobacterium,Synergistia,Synergistales,Aminobacteriaceae
Ammonifex,Clostridia,Thermoanaerobacterales,Thermoanaerobacteraceae
Amniculibacterium,Flavobacteriia,Flavobacteriales,Flavobacteriaceae
Amphibacillus,Bacilli,Bacillales,Bacillaceae
Amphritea,Gammaproteobacteria,Oceanospirillales,Oceanospirillaceae
Ampullimonas,Betaproteobacteria,Burkholderiales,Alcaligenaceae
Amycolatopsis,Actinomycetes,Pseudonocardiales,Pseudonocardiaceae
Amygdalobacter,Clostridia,Eubacteriales,Oscillospiraceae
Amylibacter,Alphaproteobacteria,Rhodobacterales,Paracoccaceae
Amylolactobacillus,Bacilli,Lactobacillales,Lactobacillaceae
Anabaena,Cyanophyceae,Nostocales,Nostocaceae
Anaerobacillus,Bacilli,Bacillales,Bacillaceae
Anaerobutyricum,Clostridia,Lachnospirales,Lachnospiraceae
Anaerocellum,Unknown,Caldicellulosiruptorales,Caldicellulosiruptoraceae
Anaerococcus,Tissierellia,Tissierellales,Peptoniphilaceae
Anaerocolumna,Clostridia,Lachnospirales,Lachnospiraceae
Anaerofustis,Clostridia,Eubacteriales,Eubacteriaceae
Anaerohalosphaera,Phycisphaerae,Sedimentisphaerales,Anaerohalosphaeraceae
Anaerolinea,Anaerolineae,Anaerolineales,Anaerolineaceae
Anaeromicropila,Clostridia,Lachnospirales,Lachnospiraceae
Anaeromyxobacter,Myxococcia,Myxococcales,Anaeromyxobacteraceae
Anaeropeptidivorans,Clostridia,Lachnospirales,Lachnospiraceae
Anaerostipes,Clostridia,Lachnospirales,Lachnospiraceae
Anaerotignum,Clostridia,Lachnospirales,Anaerotignaceae
Anaerotruncus,Clostridia,Eubacteriales,Oscillospiraceae
Anaplasma,Alphaproteobacteria,Rickettsiales,Anaplasmataceae
Anatilimnocola,Planctomycetia,Pirellulales,Pirellulaceae
Ancylobacter,Alphaproteobacteria,Hyphomicrobiales,Xanthobacteraceae
Anderseniella,Alphaproteobacteria,Hyphomicrobiales,Parvibaculaceae
Aneurinibacillus,Bacilli,Bacillales,Paenibacillaceae
Anoxybacillus,Bacilli,Bacillales,Anoxybacillaceae
Anoxybacter,Clostridia,Halanaerobiales,Unknown
Anoxybacterium,Clostridia,Peptostreptococcales,Anaerovoracaceae
Anoxybacteroides,Bacilli,Bacillales,Anoxybacillaceae
Anseongella,Sphingobacteriia,Sphingobacteriales,Sphingobacteriaceae
Antarcticibacterium,Flavobacteriia,Flavobacteriales,Flavobacteriaceae
Antarcticirhabdus,Alphaproteobacteria,Hyphomicrobiales,Aurantimonadaceae
Antarctobacter,Alphaproteobacteria,Rhodobacterales,Roseobacteraceae
Anthocerotibacter,Cyanophyceae,Gloeobacterales,Anthocerotibacteraceae
Antiquaquibacter,Actinomycetes,Micrococcales,Microbacteriaceae
Apibacter,Flavobacteriia,Flavobacteriales,Weeksellaceae
Apilactobacillus,Bacilli,Lactobacillales,Lactobacillaceae
Aquabacterium,Betaproteobacteria,Burkholderiales,Unknown
Aquaspirillum,Betaproteobacteria,Neisseriales,Aquaspirillaceae
Aquella,Betaproteobacteria,Neisseriales,Neisseriaceae
Aquibium,Alphaproteobacteria,Hyphomicrobiales,Phyllobacteriaceae
Aquicella,Gammaproteobacteria,Legionellales,Coxiellaceae
Aquicoccus,Alphaproteobacteria,Rhodobacterales,Paracoccaceae
Aquifex,Aquificia,Aquificales,Aquificaceae
Aquihabitans,Acidimicrobiia,Acidimicrobiales,Iamiaceae
Aquiluna,Actinomycetes,Micrococcales,Microbacteriaceae
Aquimarina,Flavobacteriia,Flavobacteriales,Flavobacteriaceae
Aquincola,Betaproteobacteria,Burkholderiales,Sphaerotilaceae
Aquipluma,Bacteroidia,Marinilabiliales,Prolixibacteraceae
Aquipseudomonas,Gammaproteobacteria,Pseudomonadales,Pseudomonadaceae
Aquirhabdus,Gammaproteobacteria,Moraxellales,Moraxellaceae
Aquirufa,Cytophagia,Cytophagales,Flectobacillaceae
Aquisalimonas,Gammaproteobacteria,Chromatiales,Ectothiorhodospiraceae
Aquisediminimonas,Alphaproteobacteria,Sphingomonadales,Sphingomonadaceae
Aquisphaera,Planctomycetia,Isosphaerales,Isosphaeraceae
Aquitalea,Betaproteobacteria,Neisseriales,Chromobacteriaceae
Arachidicoccus,Chitinophagia,Chitinophagales,Chitinophagaceae
Arachnia,Actinomycetes,Propionibacteriales,Propionibacteriaceae
Arcanobacterium,Actinomycetes,Actinomycetales,Actinomycetaceae
Archaeoglobus,Archaeoglobi,Archaeoglobales,Archaeoglobaceae
Archangium,Myxococcia,Myxococcales,Archangiaceae
Arcobacter,Epsilonproteobacteria,Campylobacterales,Arcobacteraceae
Arcticibacter,Sphingobacteriia,Sphingobacteriales,Sphingobacteriaceae
Arcticibacterium,Cytophagia,Cytophagales,Leadbetterellaceae
Arenibacter,Flavobacteriia,Flavobacteriales,Flavobacteriaceae
Arenibacterium,Alphaproteobacteria,Rhodobacterales,Paracoccaceae
Aristaeella,Clostridia,Eubacteriales,Aristaeellaceae
Aristophania,Alphaproteobacteria,Acetobacterales,Acetobacteraceae
Aromatoleum,Betaproteobacteria,Rhodocyclales,Rhodocyclaceae
Arsenicicoccus,Actinomycetes,Micrococcales,Intrasporangiaceae
Arsenophonus,Gammaproteobacteria,Enterobacterales,Morganellaceae
Arthrobacter,Actinomycetes,Micrococcales,Micrococcaceae
Asaia,Alphaproteobacteria,Acetobacterales,Acetobacteraceae
Asticcacaulis,Alphaproteobacteria,Caulobacterales,Caulobacteraceae
Athalassotoga,Thermotogae,Mesoaciditogales,Mesoaciditogaceae
Atlantibacter,Gammaproteobacteria,Enterobacterales,Enterobacteriaceae
Atopobium,Coriobacteriia,Coriobacteriales,Atopobiaceae
Atribacter,Atribacteria,Atribacterales,Atribacteraceae
Atrimonas,Atribacteria,Atribacterales,Atrimonadaceae
Aurantiacibacter,Alphaproteobacteria,Sphingomonadales,Erythrobacteraceae
Aurantibacillus,Sphingobacteriia,Sphingobacteriales,Aurantibacillaceae
Aurantimicrobium,Actinomycetes,Micrococcales,Microbacteriaceae
Aurantimonas,Alphaproteobacteria,Hyphomicrobiales,Aurantimonadaceae
Aureibacter,Cytophagia,Cytophagales,Persicobacteraceae
Aureibaculum,Flavobacteriia,Flavobacteriales,Flavobacteriaceae
Aureimonas,Alphaproteobacteria,Hyphomicrobiales,Aurantimonadaceae
Aureispira,Saprospiria,Saprospirales,Saprospiraceae
Aureliella,Planctomycetia,Pirellulales,Pirellulaceae
Auritidibacter,Actinomycetes,Micrococcales,Micrococcaceae
Austwickia,Actinomycetes,Micrococcales,Dermatophilaceae
Avibacterium,Gammaproteobacteria,Pasteurellales,Pasteurellaceae
Azoarcus,Betaproteobacteria,Rhodocyclales,Zoogloeaceae
Azonexus,Betaproteobacteria,Rhodocyclales,Azonexaceae
Azorhizobium,Alphaproteobacteria,Hyphomicrobiales,Xanthobacteraceae
Azorhizophilus,Gammaproteobacteria,Pseudomonadales,Pseudomonadaceae
Azospira,Betaproteobacteria,Rhodocyclales,Rhodocyclaceae
Azospirillum,Alphaproteobacteria,Rhodospirillales,Azospirillaceae
Azotobacter,Gammaproteobacteria,Pseudomonadales,Pseudomonadaceae
Bacillus,Bacilli,Bacillales,Bacillaceae
Bacterioplanes,Gammaproteobacteria,Oceanospirillales,Oceanospirillaceae
Bacterioplanoides,Gammaproteobacteria,Oceanospirillales,Oceanospirillaceae
Bacteriovorax,Bacteriovoracia,Bacteriovoracales,Bacteriovoracaceae
Bacteroides,Bacteroidia,Bacteroidales,Bacteroidaceae
Baekduia,Thermoleophilia,Solirubrobacterales,Baekduiaceae
Barnesiella,Bacteroidia,Bacteroidales,Barnesiellaceae
Barrientosiimonas,Actinomycetes,Micrococcales,Dermacoccaceae
Bartonella,Alphaproteobacteria,Hyphomicrobiales,Bartonellaceae
Basfia,Gammaproteobacteria,Pasteurellales,Pasteurellaceae
Basilea,Betaproteobacteria,Burkholderiales,Alcaligenaceae
Bdellovibrio,Bdellovibrionia,Bdellovibrionales,Pseudobdellovibrionaceae
Beggiatoa,Gammaproteobacteria,Thiotrichales,Thiotrichaceae
Beijerinckia,Alphaproteobacteria,Hyphomicrobiales,Beijerinckiaceae
Belliella,Cytophagia,Cytophagales,Cyclobacteriaceae
Bengtsoniella,Clostridia,Eubacteriales,Oscillospiraceae
Bergeriella,Betaproteobacteria,Neisseriales,Neisseriaceae
Bergeyella,Flavobacteriia,Flavobacteriales,Weeksellaceae
Bermanella,Gammaproteobacteria,Oceanospirillales,Oceanospirillaceae
Bernardetia,Cytophagia,Cytophagales,Bernardetiaceae
Berryella,Coriobacteriia,Eggerthellales,Eggerthellaceae
Beutenbergia,Actinomycetes,Micrococcales,Beutenbergiaceae
Bibersteinia,Gammaproteobacteria,Pasteurellales,Pasteurellaceae
Bifidobacterium,Actinomycetes,Bifidobacteriales,Bifidobacteriaceae
Billgrantia,Gammaproteobacteria,Oceanospirillales,Halomonadaceae
Bisgaardia,Gammaproteobacteria,Pasteurellales,Pasteurellaceae
Bizionia,Flavobacteriia,Flavobacteriales,Flavobacteriaceae
Blastochloris,Alphaproteobacteria,Hyphomicrobiales,Blastochloridaceae
Blastococcus,Actinomycetes,Geodermatophilales,Geodermatophilaceae
Blastomonas,Alphaproteobacteria,Sphingomonadales,Sphingomonadaceae
Blattabacterium,Flavobacteriia,Flavobacteriales,Blattabacteriaceae
Blautia,Clostridia,Lachnospirales,Lachnospiraceae
Bombilactobacillus,Bacilli,Lactobacillales,Lactobacillaceae
Bombiscardovia,Actinomycetes,Bifidobacteriales,Bifidobacteriaceae
Bordetella,Betaproteobacteria,Burkholderiales,Alcaligenaceae
Borrelia,Spirochaetia,Spirochaetales,Borreliaceae
Borreliella,Spirochaetia,Spirochaetales,Borreliaceae
Bosea,Alphaproteobacteria,Hyphomicrobiales,Boseaceae
Botrimarina,Planctomycetia,Pirellulales,Lacipirellulaceae
Boudabousia,Actinomycetes,Actinomycetales,Actinomycetaceae
Brachybacterium,Actinomycetes,Micrococcales,Dermabacteraceae
Brachymonas,Betaproteobacteria,Burkholderiales,Comamonadaceae
Brachyspira,Spirochaetia,Brachyspirales,Brachyspiraceae
Bradymonas,Deltaproteobacteria,Bradymonadales,Bradymonadaceae
Bradyrhizobium,Alphaproteobacteria,Hyphomicrobiales,Nitrobacteraceae
Bremerella,Planctomycetia,Pirellulales,Pirellulaceae
Brenneria,Gammaproteobacteria,Enterobacterales,Pectobacteriaceae
Breoghania,Alphaproteobacteria,Hyphomicrobiales,Stappiaceae
Brevefilum,Anaerolineae,Anaerolineales,Anaerolineaceae
Brevibacillus,Bacilli,Bacillales,Paenibacillaceae
Brevibacterium,Actinomycetes,Micrococcales,Brevibacteriaceae
Brevundimonas,Alphaproteobacteria,Caulobacterales,Caulobacteraceae
Breznakiella,Spirochaetia,Spirochaetales,Breznakiellaceae
Brochothrix,Bacilli,Bacillales,Listeriaceae
Brooklawnia,Actinomycetes,Propionibacteriales,Propionibacteriaceae
Brucella,Alphaproteobacteria,Hyphomicrobiales,Brucellaceae
Brucepastera,Spirochaetia,Spirochaetales,Treponemataceae
Brumicola,Gammaproteobacteria,Alteromonadales,Alteromonadaceae
Buchananella,Actinomycetes,Actinomycetales,Actinomycetaceae
Buchnera,Gammaproteobacteria,Enterobacterales,Erwiniaceae
Bulleidia,Erysipelotrichia,Erysipelotrichales,Erysipelotrichaceae
Burkholderia,Betaproteobacteria,Burkholderiales,Burkholderiaceae
Buttiauxella,Gammaproteobacteria,Enterobacterales,Enterobacteriaceae
Butyricimonas,Bacteroidia,Bacteroidales,Odoribacteraceae
Butyrivibrio,Clostridia,Lachnospirales,Lachnospiraceae
Caballeronia,Betaproteobacteria,Burkholderiales,Burkholderiaceae
Caenibius,Alphaproteobacteria,Sphingomonadales,Erythrobacteraceae
Caenispirillum,Alphaproteobacteria,Rhodospirillales,Novispirillaceae
Caldalkalibacillus,Bacilli,Bacillales,Bacillaceae
Caldanaerobacter,Clostridia,Thermoanaerobacterales,Thermoanaerobacteraceae
Caldibacillus,Bacilli,Bacillales,Bacillaceae
Caldicellulosiruptor,Unknown,Caldicellulosiruptorales,Caldicellulosiruptoraceae
Caldichromatium,Gammaproteobacteria,Chromatiales,Chromatiaceae
Caldifermentibacillus,Bacilli,Bacillales,Bacillaceae
Caldilinea,Caldilineae,Caldilineales,Caldilineaceae
Caldimicrobium,Thermodesulfobacteria,Thermodesulfobacteriales,Thermodesulfobacteriaceae
Caldimonas,Betaproteobacteria,Burkholderiales,Sphaerotilaceae
Caldinitratiruptor,Clostridia,Eubacteriales,Symbiobacteriaceae
Caldisericum,Caldisericia,Caldisericales,Caldisericaceae
Caldisphaera,Thermoprotei,Acidilobales,Caldisphaeraceae
Calditerrivibrio,Deferribacteres,Deferribacterales,Calditerrivibrionaceae
Caldithrix,Calditrichia,Calditrichales,Calditrichaceae
Caldivirga,Thermoprotei,Thermoproteales,Thermoproteaceae
Caloramator,Clostridia,Eubacteriales,Clostridiaceae
Caloranaerobacter,Tissierellia,Tissierellales,Thermohalobacteraceae
Calothrix,Cyanophyceae,Nostocales,Calotrichaceae
Caminibacter,Epsilonproteobacteria,Nautiliales,Nautiliaceae
Caminicella,Clostridia,Peptostreptococcales,Caminicellaceae
Campylobacter,Epsilonproteobacteria,Campylobacterales,Campylobacteraceae
Candidatus Absconditicoccus,Unknown,Candidatus Absconditabacterales,Candidatus Absconditicoccaceae
Candidatus Accumulibacter,Betaproteobacteria,Unknown,Unknown
Candidatus Aciduliprofundum,Unknown,Unknown,Unknown
Candidatus Amoebophilus,Cytophagia,Cytophagales,Amoebophilaceae
Candidatus Annandia,Gammaproteobacteria,Enterobacterales,Enterobacteriaceae
Candidatus Arcticimaribacter,Flavobacteriia,Flavobacteriales,Flavobacteriaceae
Candidatus Arthromitus,Clostridia,Eubacteriales,Clostridiaceae
Candidatus Atelocyanobacterium,Cyanophyceae,Chroococcales,Aphanothecaceae
Candidatus Azoamicus,Gammaproteobacteria,Unknown,Candidatus Azoamicaceae
Candidatus Azobacteroides,Bacteroidia,Bacteroidales,Unknown
Candidatus Babela,Candidatus Babeliae,Candidatus Babeliales,Candidatus Babeliaceae
Candidatus Bandiella,Alphaproteobacteria,Rickettsiales,Candidatus Midichloriaceae
Candidatus Bipolaricaulis,Candidatus Bipolaricaulia,Candidatus Bipolaricaulales,Candidatus Bipolaricaulaceae
Candidatus Blochmanniella,Gammaproteobacteria,Enterobacterales,Enterobacteriaceae
Candidatus Bodocaedibacter,Alphaproteobacteria,Holosporales,Candidatus Paracaedibacteraceae
Candidatus Cardinium,Cytophagia,Cytophagales,Amoebophilaceae
Candidatus Carsonella,Gammaproteobacteria,Oceanospirillales,Halomonadaceae
Candidatus Chlorohelix,Chloroflexia,Candidatus Chloroheliales,Candidatus Chloroheliaceae
Candidatus Chromulinivorax,Candidatus Babeliae,Candidatus Babeliales,Candidatus Chromulinivoraceae
Candidatus Cloacimonas,Candidatus Cloacimonadia,Candidatus Cloacimonadales,Candidatus Cloacimonadaceae
Candidatus Comchoanobacter,Gammaproteobacteria,Candidatus Comchoanobacterales,Candidatus Comchoanobacteraceae
Candidatus Contubernalis,Dethiobacteria,Dethiobacterales,Dethiobacteraceae
Candidatus Curculioniphilus,Gammaproteobacteria,Enterobacterales,Enterobacteriaceae
Candidatus Cytomitobacter,Alphaproteobacteria,Holosporales,Holosporaceae
Candidatus Desulforudis,Clostridia,Thermoanaerobacterales,Candidatus Desulforudaceae
Candidatus Doolittlea,Gammaproteobacteria,Enterobacterales,Enterobacteriaceae
Candidatus Endolissoclinum,Alphaproteobacteria,Rhodospirillales,Rhodospirillaceae
Candidatus Endomicrobiellum,Endomicrobiia,Endomicrobiales,Endomicrobiaceae
Candidatus Endoriftia,Gammaproteobacteria,Chromatiales,Sedimenticolaceae
Candidatus Endowatersipora,Alphaproteobacteria,Hyphomicrobiales,Unknown
Candidatus Fervidibacter,Unknown,Unknown,Unknown
Candidatus Fokinia,Alphaproteobacteria,Rickettsiales,Candidatus Midichloriaceae
Candidatus Fonsibacter,Alphaproteobacteria,Candidatus Pelagibacterales,Unknown
Candidatus Formimonas,Clostridia,Eubacteriales,Peptococcaceae
Candidatus Fukatsuia,Gammaproteobacteria,Enterobacterales,Yersiniaceae
Candidatus Gromoviella,Alphaproteobacteria,Holosporales,Holosporaceae
Candidatus Gullanella,Gammaproteobacteria,Enterobacterales,Enterobacteriaceae
Candidatus Hepatoplasma,Mollicutes,Mycoplasmatales,Candidatus Hepatoplasmataceae
Candidatus Hoaglandella,Gammaproteobacteria,Enterobacterales,Enterobacteriaceae
Candidatus Hydrogenosomobacter,Alphaproteobacteria,Holosporales,Holosporaceae
Candidatus Ishikawella,Gammaproteobacteria,Enterobacterales,Enterobacteriaceae
Candidatus Izemoplasma,Candidatus Izimaplasma,Candidatus Izemoplasmatales,Candidatus Izemoplasmataceae
Candidatus Karelsulcia,Flavobacteriia,Flavobacteriales,Unknown
Candidatus Kinetoplastidibacterium,Betaproteobacteria,Unknown,Unknown
Candidatus Kirkpatrickella,Alphaproteobacteria,Acetobacterales,Acetobacteraceae
Candidatus Korarchaeum,Candidatus Korarchaeia,Candidatus Korarchaeales,Candidatus Korarchaeaceae
Candidatus Korobacter,Terriglobia,Terriglobales,Candidatus Korobacteraceae
Candidatus Kuenenia,Candidatus Brocadiia,Candidatus Brocadiales,Candidatus Brocadiaceae
Candidatus Lariskella,Alphaproteobacteria,Rickettsiales,Candidatus Midichloriaceae
Candidatus Lucifugimonas,Dehalococcoidia,Candidatus Lucifugimonadales,Candidatus Lucifugimonadaceae
Candidatus Mancarchaeum,Unknown,Unknown,Unknown
Candidatus Megaera,Alphaproteobacteria,Rickettsiales,Rickettsiaceae
Candidatus Mesenet,Alphaproteobacteria,Rickettsiales,Anaplasmataceae
Candidatus Methanoliparum,Candidatus Methanoliparia,Candidatus Methanoliparales,Candidatus Methanoliparaceae
Candidatus Methanoplasma,Thermoplasmata,Methanomassiliicoccales,Methanomassiliicoccaceae
Candidatus Methylocalor,Gammaproteobacteria,Methylococcales,Methylococcaceae
Candidatus Methylopumilus,Betaproteobacteria,Nitrosomonadales,Methylophilaceae
Candidatus Methylospira,Gammaproteobacteria,Methylococcales,Methylococcaceae
Candidatus Micrarchaeum,Candidatus Micrarchaeia,Candidatus Micrarchaeales,Candidatus Micrarchaeaceae
Candidatus Midichloria,Alphaproteobacteria,Rickettsiales,Candidatus Midichloriaceae
Candidatus Mikella,Gammaproteobacteria,Enterobacterales,Enterobacteriaceae
Candidatus Minimicrobia,Unknown,Unknown,Unknown
Candidatus Moranella,Gammaproteobacteria,Enterobacterales,Enterobacteriaceae
Candidatus Mycosynbacter,Unknown,Unknown,Unknown
Candidatus Nanohalobium,Candidatus Nanohalobia,Candidatus Nanohalobiales,Candidatus Nanohalobiaceae
Candidatus Nanohalococcus,Unknown,Unknown,Unknown
Candidatus Nanohalovita,Unknown,Unknown,Unknown
Candidatus Nanopelagicus,Actinomycetes,Candidatus Nanopelagicales,Candidatus Nanopelagicaceae
Candidatus Nanosalina,Candidatus Nanohaloarchaea,Unknown,Unknown
Candidatus Nanosynbacter,Candidatus Saccharimonadia,Candidatus Nanosynbacterales,Candidatus Nanosynbacteraceae
Candidatus Nardonella,Gammaproteobacteria,Unknown,Unknown
Candidatus Neoehrlichia,Alphaproteobacteria,Rickettsiales,Anaplasmataceae
Candidatus Neptunochlamydia,Chlamydiia,Parachlamydiales,Simkaniaceae
Candidatus Nesciobacter,Alphaproteobacteria,Holosporales,Holosporaceae
Candidatus Nitrosacidococcus,Gammaproteobacteria,Chromatiales,Chromatiaceae
Candidatus Nitrosocaldus,Nitrososphaeria,Candidatus Nitrosocaldales,Candidatus Nitrosocaldaceae
Candidatus Nitrosocosmicus,Nitrososphaeria,Nitrososphaerales,Nitrososphaeraceae
Candidatus Nitrosoglobus,Gammaproteobacteria,Chromatiales,Chromatiaceae
Candidatus Nitrosomarinus,Nitrososphaeria,Nitrosopumilales,Nitrosopumilaceae
Candidatus Nitrosopelagicus,Unknown,Unknown,Unknown
Candidatus Nitrosotenuis,Unknown,Unknown,Unknown
Candidatus Nitrotoga,Betaproteobacteria,Nitrosomonadales,Gallionellaceae
Candidatus Nucleicultrix,Alphaproteobacteria,Holosporales,Candidatus Nucleicultricaceae
Candidatus Odyssella,Alphaproteobacteria,Holosporales,Candidatus Paracaedibacteraceae
Candidatus Palibaumannia,Gammaproteobacteria,Unknown,Unknown
Candidatus Pelagibacter,Alphaproteobacteria,Candidatus Pelagibacterales,Candidatus Pelagibacteraceae
Candidatus Pelagisphaera,Opitutia,Puniceicoccales,Unknown
Candidatus Phycorickettsia,Alphaproteobacteria,Rickettsiales,Rickettsiaceae
Candidatus Phytoplasma,Mollicutes,Acholeplasmatales,Acholeplasmataceae
Candidatus Planktophila,Actinomycetes,Candidatus Nanopelagicales,Candidatus Nanopelagicaceae
Candidatus Portiera,Gammaproteobacteria,Candidatus Johnevansiales,Candidatus Johnevansiaceae
Candidatus Pristimantibacillus,Bacilli,Bacillales,Paenibacillaceae
Candidatus Profftella,Betaproteobacteria,Unknown,Unknown
Candidatus Profftia,Gammaproteobacteria,Enterobacterales,Enterobacteriaceae
Candidatus Promineifilum,Ardenticatenia,Candidatus Promineifilales,Candidatus Promineifilaceae
Candidatus Protochlamydia,Chlamydiia,Parachlamydiales,Parachlamydiaceae
Candidatus Pseudothioglobus,Gammaproteobacteria,Unknown,Candidatus Pseudothioglobaceae
Candidatus Puniceispirillum,Alphaproteobacteria,Candidatus Puniceispirillales,Candidatus Puniceispirillaceae
Candidatus Purcelliella,Gammaproteobacteria,Enterobacterales,Enterobacteriaceae
Candidatus Regiella,Gammaproteobacteria,Enterobacterales,Enterobacteriaceae
Candidatus Reidiella,Gammaproteobacteria,Unknown,Unknown
Candidatus Rhabdochlamydia,Chlamydiia,Parachlamydiales,Candidatus Rhabdochlamydiaceae
Candidatus Riesia,Gammaproteobacteria,Enterobacterales,Enterobacteriaceae
Candidatus Ruthturnera,Gammaproteobacteria,Unknown,Candidatus Pseudothioglobaceae
Candidatus Saccharimonas,Candidatus Saccharimonadia,Candidatus Saccharimonadales,Candidatus Saccharimonadaceae
Candidatus Schneideria,Gammaproteobacteria,Enterobacterales,Enterobacteriaceae
Candidatus Shikimatogenerans,Flavobacteriia,Flavobacteriales,Unknown
Candidatus Southlakia,Candidatus Saccharimonadia,Candidatus Saccharimonadales,Candidatus Saccharimonadaceae
Candidatus Steffania,Gammaproteobacteria,Unknown,Unknown
Candidatus Sulfidibacterium,Unknown,Candidatus Sulfidibacteriales,Unknown
Candidatus Symbiobacter,Betaproteobacteria,Burkholderiales,Comamonadaceae
Candidatus Syntrophocurvum,Clostridia,Eubacteriales,Syntrophomonadaceae
Candidatus Tachikawaea,Gammaproteobacteria,Enterobacterales,Enterobacteriaceae
Candidatus Thiodiazotropha,Gammaproteobacteria,Chromatiales,Sedimenticolaceae
Candidatus Thiodubiliella,Gammaproteobacteria,Unknown,Candidatus Pseudothioglobaceae
Candidatus Thioglobus,Gammaproteobacteria,Unknown,Candidatus Pseudothioglobaceae
Candidatus Tisiphia,Alphaproteobacteria,Rickettsiales,Rickettsiaceae
Candidatus Trichorickettsia,Alphaproteobacteria,Rickettsiales,Rickettsiaceae
Candidatus Uabimicrobium,Candidatus Uabimicrobiia,Candidatus Uabimicrobiales,Candidatus Uabimicrobiaceae
Candidatus Vallotia,Betaproteobacteria,Burkholderiales,Burkholderiaceae
Candidatus Velamenicoccus,Unknown,Unknown,Unknown
Candidatus Vesicomyosocius,Gammaproteobacteria,Unknown,Candidatus Pseudothioglobaceae
Candidatus Viadribacter,Alphaproteobacteria,Hyphomonadales,Hyphomonadaceae
Candidatus Vondammii,Gammaproteobacteria,Unknown,Unknown
Candidatus Walczuchella,Flavobacteriia,Flavobacteriales,Unknown
Candidatus Westeberhardia,Gammaproteobacteria,Enterobacterales,Enterobacteriaceae
Candidatus Williamhamiltonella,Gammaproteobacteria,Enterobacterales,Enterobacteriaceae
Candidatus Xianfuyuplasma,Candidatus Izimaplasma,Candidatus Izemoplasmatales,Candidatus Izemoplasmataceae
Candidatus Xiphinematobacter,Spartobacteria,Unknown,Unknown
Candidatus Zinderia,Betaproteobacteria,Burkholderiales,Oxalobacteraceae
Candidiatus Paracoxiella,Gammaproteobacteria,Legionellales,Coxiellaceae
Capillimicrobium,Thermoleophilia,Solirubrobacterales,Capillimicrobiaceae
Capilliphycus,Cyanophyceae,Oscillatoriales,Sirenicapillariaceae
Capnocytophaga,Flavobacteriia,Flavobacteriales,Flavobacteriaceae
Caproicibacter,Clostridia,Eubacteriales,Acutalibacteraceae
Caproicibacterium,Clostridia,Eubacteriales,Oscillospiraceae
Caproiciproducens,Clostridia,Eubacteriales,Acutalibacteraceae
Capsulimonas,Armatimonadia,Capsulimonadales,Capsulimonadaceae
Carboxydichorda,Limnochordia,Limnochordales,Geochordaceae
Carboxydocella,Clostridia,Eubacteriales,Clostridiales Family XVI. Incertae Sedis
Carboxydothermus,Clostridia,Thermoanaerobacterales,Thermoanaerobacteraceae
Cardiobacterium,Gammaproteobacteria,Cardiobacteriales,Cardiobacteriaceae
Carnobacterium,Bacilli,Lactobacillales,Carnobacteriaceae
Casimicrobium,Betaproteobacteria,Unknown,Casimicrobiaceae
Castellaniella,Betaproteobacteria,Burkholderiales,Alcaligenaceae
Catalinimonas,Cytophagia,Cytophagales,Catalimonadaceae
Catellatospora,Actinomycetes,Micromonosporales,Micromonosporaceae
Catenibacterium,Erysipelotrichia,Erysipelotrichales,Coprobacillaceae
Catenovulum,Gammaproteobacteria,Alteromonadales,Alteromonadaceae
Catenulispora,Actinomycetes,Catenulisporales,Catenulisporaceae
Caulobacter,Alphaproteobacteria,Caulobacterales,Caulobacteraceae
Cedecea,Gammaproteobacteria,Enterobacterales,Enterobacteriaceae
Celeribacter,Alphaproteobacteria,Rhodobacterales,Roseobacteraceae
Celerinatantimonas,Gammaproteobacteria,Unknown,Celerinatantimonadaceae
Cellulomonas,Actinomycetes,Micrococcales,Cellulomonadaceae
Cellulophaga,Flavobacteriia,Flavobacteriales,Flavobacteriaceae
Cellulosilyticum,Clostridia,Lachnospirales,Cellulosilyticaceae
Cellulosimicrobium,Actinomycetes,Micrococcales,Promicromonosporaceae
Cellvibrio,Gammaproteobacteria,Cellvibrionales,Cellvibrionaceae
Cereibacter,Alphaproteobacteria,Rhodobacterales,Paracoccaceae
Cetobacterium,Fusobacteriia,Fusobacteriales,Fusobacteriaceae
Chakrabartyella,Clostridia,Lachnospirales,Lachnospiraceae
Changchengzhania,Flavobacteriia,Flavobacteriales,Flavobacteriaceae
Changpingibacter,Actinomycetes,Actinomycetales,Actinomycetaceae
Chania,Gammaproteobacteria,Enterobacterales,Yersiniaceae
Chelativorans,Alphaproteobacteria,Hyphomicrobiales,Phyllobacteriaceae
Chelatococcus,Alphaproteobacteria,Hyphomicrobiales,Chelatococcaceae
Chenggangzhangella,Alphaproteobacteria,Hyphomicrobiales,Methylopilaceae
Chimaeribacter,Gammaproteobacteria,Enterobacterales,Yersiniaceae
Chitinibacter,Betaproteobacteria,Neisseriales,Chitinibacteraceae
Chitinimonas,Betaproteobacteria,Neisseriales,Chitinibacteraceae
Chitiniphilus,Betaproteobacteria,Neisseriales,Chitinibacteraceae
Chitinolyticbacter,Betaproteobacteria,Neisseriales,Chitinibacteraceae
Chitinophaga,Chitinophagia,Chitinophagales,Chitinophagaceae
Chlamydia,Chlamydiia,Chlamydiales,Chlamydiaceae
Chlamydiifrater,Chlamydiia,Chlamydiales,Chlamydiaceae
Chloracidobacterium,Terriglobia,Terriglobales,Acidobacteriaceae
Chlorobaculum,Chlorobiia,Chlorobiales,Chlorobiaceae
Chlorobium,Chlorobiia,Chlorobiales,Chlorobiaceae
Chloroflexus,Chloroflexia,Chloroflexales,Chloroflexaceae
Chlorogloeopsis,Cyanophyceae,Nostocales,Chlorogloeopsidaceae
Chloroherpeton,Chlorobiia,Chlorobiales,Chloroherpetonaceae
Chondrinema,Cytophagia,Cytophagales,Flammeovirgaceae
Chondromyces,Unknown,Polyangiales,Polyangiaceae
Chordicoccus,Clostridia,Lachnospirales,Lachnospiraceae
Christensenella,Clostridia,Christensenellales,Christensenellaceae
Christiangramia,Flavobacteriia,Flavobacteriales,Flavobacteriaceae
Chromobacterium,Betaproteobacteria,Neisseriales,Chromobacteriaceae
Chromohalobacter,Gammaproteobacteria,Oceanospirillales,Halomonadaceae
Chroococcidiopsis,Cyanophyceae,Chroococcidiopsidales,Chroococcidiopsidaceae
Chryseobacterium,Flavobacteriia,Flavobacteriales,Weeksellaceae
Chryseolinea,Cytophagia,Cytophagales,Fulvivirgaceae
Chryseomicrobium,Bacilli,Bacillales,Caryophanaceae
Ciceribacter,Alphaproteobacteria,Hyphomicrobiales,Rhizobiaceae
Citricoccus,Actinomycetes,Micrococcales,Micrococcaceae
Citrifermentans,Desulfuromonadia,Geobacterales,Geobacteraceae
Citrobacter,Gammaproteobacteria,Enterobacterales,Enterobacteriaceae
Citromicrobium,Alphaproteobacteria,Sphingomonadales,Sphingomonadaceae
Claveliimonas,Clostridia,Lachnospirales,Lachnospiraceae
Clavibacter,Actinomycetes,Micrococcales,Microbacteriaceae
Cloacibacillus,Synergistia,Synergistales,Synergistaceae
Cloacibacterium,Flavobacteriia,Flavobacteriales,Weeksellaceae
Clostridioides,Clostridia,Peptostreptococcales,Peptostreptococcaceae
Clostridium,Clostridia,Eubacteriales,Clostridiaceae
Cnuibacter,Actinomycetes,Micrococcales,Microbacteriaceae
Cobetia,Gammaproteobacteria,Oceanospirillales,Halomonadaceae
Cognaticolwellia,Gammaproteobacteria,Alteromonadales,Colwelliaceae
Cognatishimia,Alphaproteobacteria,Rhodobacterales,Paracoccaceae
Cohnella,Bacilli,Bacillales,Paenibacillaceae
Collimonas,Betaproteobacteria,Burkholderiales,Oxalobacteraceae
Collinsella,Coriobacteriia,Coriobacteriales,Coriobacteriaceae
Colwellia,Gammaproteobacteria,Alteromonadales,Colwelliaceae
Comamonas,Betaproteobacteria,Burkholderiales,Comamonadaceae
Commensalibacter,Alphaproteobacteria,Acetobacterales,Acetobacteraceae
Companilactobacillus,Bacilli,Lactobacillales,Lactobacillaceae
Conchiformibius,Betaproteobacteria,Neisseriales,Neisseriaceae
Conexibacter,Thermoleophilia,Solirubrobacterales,Conexibacteraceae
Conexivisphaera,Conexivisphaeria,Conexivisphaerales,Conexivisphaeraceae
Congregibacter,Gammaproteobacteria,Cellvibrionales,Halieaceae
Constantimarinum,Flavobacteriia,Flavobacteriales,Flavobacteriaceae
Coprobacter,Bacteroidia,Bacteroidales,Barnesiellaceae
Coprococcus,Clostridia,Lachnospirales,Lachnospiraceae
Coprothermobacter,Coprothermobacteria,Coprothermobacterales,Coprothermobacteraceae
Coraliomargarita,Opitutia,Puniceicoccales,Coraliomargaritaceae
Coralliovum,Alphaproteobacteria,Hyphomicrobiales,Coralliovaceae
Corallococcus,Myxococcia,Myxococcales,Myxococcaceae
Coriobacterium,Coriobacteriia,Coriobacteriales,Coriobacteriaceae
Corynebacterium,Actinomycetes,Mycobacteriales,Corynebacteriaceae
Costertonia,Flavobacteriia,Flavobacteriales,Flavobacteriaceae
Couchioplanes,Actinomycetes,Micromonosporales,Micromonosporaceae
Coxiella,Gammaproteobacteria,Legionellales,Coxiellaceae
Crassaminicella,Clostridia,Eubacteriales,Clostridiaceae
Crateriforma,Planctomycetia,Planctomycetales,Planctomycetaceae
Crinalium,Cyanophyceae,Gomontiellales,Gomontiellaceae
Croceibacter,Flavobacteriia,Flavobacteriales,Flavobacteriaceae
Croceibacterium,Alphaproteobacteria,Sphingomonadales,Erythrobacteraceae
Croceicoccus,Alphaproteobacteria,Sphingomonadales,Erythrobacteraceae
Croceimicrobium,Flavobacteriia,Flavobacteriales,Owenweeksiaceae
Crocosphaera,Cyanophyceae,Chroococcales,Aphanothecaceae
Cronobacter,Gammaproteobacteria,Enterobacterales,Enterobacteriaceae
Crossiella,Actinomycetes,Pseudonocardiales,Pseudonocardiaceae
Cruoricaptor,Flavobacteriia,Flavobacteriales,Weeksellaceae
Cryobacterium,Actinomycetes,Micrococcales,Microbacteriaceae
Cryptobacterium,Coriobacteriia,Eggerthellales,Eggerthellaceae
Cuniculiplasma,Thermoplasmata,Thermoplasmatales,Cuniculiplasmataceae
Cupriavidus,Betaproteobacteria,Burkholderiales,Burkholderiaceae
Curtobacterium,Actinomycetes,Micrococcales,Microbacteriaceae
Cutibacterium,Actinomycetes,Propionibacteriales,Propionibacteriaceae
Cyanobacterium,Cyanophyceae,Chroococcales,Geminocystaceae
Cyanobium,Cyanophyceae,Synechococcales,Prochlorococcaceae
Cyclobacterium,Cytophagia,Cytophagales,Cyclobacteriaceae
Cycloclasticus,Gammaproteobacteria,Thiotrichales,Piscirickettsiaceae
Cyclonatronum,Balneolia,Balneolales,Cyclonatronaceae
Cylindrospermopsis,Cyanophyceae,Nostocales,Aphanizomenonaceae
Cysteiniphilum,Gammaproteobacteria,Thiotrichales,Fastidiosibacteraceae
Cystobacter,Myxococcia,Myxococcales,Archangiaceae
Cytobacillus,Bacilli,Bacillales,Bacillaceae
Cytophaga,Cytophagia,Cytophagales,Cytophagaceae
Dactylococcopsis,Cyanophyceae,Nodosilineales,Cymatolegaceae
Dactylosporangium,Actinomycetes,Micromonosporales,Micromonosporaceae
Dechloromonas,Betaproteobacteria,Rhodocyclales,Azonexaceae
Deefgea,Betaproteobacteria,Neisseriales,Chitinibacteraceae
Deferribacter,Deferribacteres,Deferribacterales,Deferribacteraceae
Defluviicoccus,Alphaproteobacteria,Rhodospirillales,Rhodospirillaceae
Defluviimonas,Alphaproteobacteria,Rhodobacterales,Paracoccaceae
Defluviitalea,Clostridia,Lachnospirales,Defluviitaleaceae
Defluviitoga,Thermotogae,Petrotogales,Petrotogaceae
Dehalobacter,Clostridia,Eubacteriales,Desulfitobacteriaceae
Dehalobacterium,Clostridia,Eubacteriales,Peptococcaceae
Dehalococcoides,Dehalococcoidia,Dehalococcoidales,Dehalococcoidaceae
Dehalogenimonas,Dehalococcoidia,Dehalococcoidales,Dehalococcoidaceae
Deinococcus,Deinococci,Deinococcales,Deinococcaceae
Delftia,Betaproteobacteria,Burkholderiales,Comamonadaceae
Dellaglioa,Bacilli,Lactobacillales,Lactobacillaceae
Demequina,Actinomycetes,Micrococcales,Demequinaceae
Denitratisoma,Betaproteobacteria,Nitrosomonadales,Sterolibacteriaceae
Denitrificimonas,Gammaproteobacteria,Pseudomonadales,Pseudomonadaceae
Denitrobacterium,Coriobacteriia,Eggerthellales,Eggerthellaceae
Denitrovibrio,Deferribacteres,Deferribacterales,Geovibrionaceae
Dermabacter,Actinomycetes,Micrococcales,Dermabacteraceae
Dermacoccus,Actinomycetes,Micrococcales,Dermacoccaceae
Dermatobacter,Acidimicrobiia,Acidimicrobiales,Iamiaceae
Dermatophilus,Actinomycetes,Micrococcales,Dermatophilaceae
Desemzia,Bacilli,Lactobacillales,Carnobacteriaceae
Desulfarculus,Desulfarculia,Desulfarculales,Desulfarculaceae
Desulfatibacillum,Desulfobacteria,Desulfobacterales,Desulfatibacillaceae
Desulfitobacterium,Clostridia,Eubacteriales,Desulfitobacteriaceae
Desulfobacca,Desulfobaccia,Desulfobaccales,Desulfobaccaceae
Desulfobacula,Desulfobacteria,Desulfobacterales,Desulfobacteraceae
Desulfobaculum,Desulfovibrionia,Desulfovibrionales,Desulfovibrionaceae
Desulfobulbus,Desulfobulbia,Desulfobulbales,Desulfobulbaceae
Desulfocapsa,Desulfobulbia,Desulfobulbales,Desulfocapsaceae
Desulfococcus,Desulfobacteria,Desulfobacterales,Desulfococcaceae
Desulfocurvibacter,Desulfovibrionia,Desulfovibrionales,Desulfovibrionaceae
Desulfofarcimen,Clostridia,Eubacteriales,Peptococcaceae
Desulfoferula,Desulfarculia,Desulfarculales,Desulfarculaceae
Desulfofundulus,Clostridia,Eubacteriales,Peptococcaceae
Desulfofustis,Desulfobulbia,Desulfobulbales,Desulfocapsaceae
Desulfoglaeba,Syntrophobacteria,Syntrophobacterales,Syntrophobacteraceae
Desulfohalobium,Desulfovibrionia,Desulfovibrionales,Desulfohalobiaceae
Desulfolithobacter,Desulfobulbia,Desulfobulbales,Desulfobulbaceae
Desulfoluna,Desulfobacteria,Desulfobacterales,Desulfolunaceae
Desulfolutivibrio,Desulfovibrionia,Desulfovibrionales,Desulfovibrionaceae
Desulfomarina,Desulfobulbia,Desulfobulbales,Desulfobulbaceae
Desulfomicrobium,Desulfovibrionia,Desulfovibrionales,Desulfomicrobiaceae
Desulfomonile,Desulfomonilia,Desulfomonilales,Desulfomonilaceae
Desulfonema,Desulfobacteria,Desulfobacterales,Desulfococcaceae
Desulfopila,Desulfobulbia,Desulfobulbales,Desulfocapsaceae
Desulforamulus,Clostridia,Eubacteriales,Peptococcaceae
Desulforapulum,Desulfobacteria,Desulfobacterales,Desulfobacteraceae
Desulfosarcina,Desulfobacteria,Desulfobacterales,Desulfosarcinaceae
Desulfoscipio,Clostridia,Eubacteriales,Desulfallaceae
Desulfosediminicola,Desulfobulbia,Desulfobulbales,Desulfocapsaceae
Desulfosporosinus,Clostridia,Eubacteriales,Desulfitobacteriaceae
Desulfosudis,Desulfobacteria,Desulfobacterales,Desulfosudaceae
Desulfotalea,Desulfobulbia,Desulfobulbales,Desulfocapsaceae
Desulfotomaculum,Clostridia,Eubacteriales,Desulfotomaculaceae
Desulfovibrio,Desulfovibrionia,Desulfovibrionales,Desulfovibrionaceae
Desulfurispirillum,Chrysiogenia,Chrysiogenales,Chrysiogenaceae
Desulfurivibrio,Desulfobulbia,Desulfobulbales,Desulfobulbaceae
Desulfurobacterium,Aquificia,Desulfurobacteriales,Desulfurobacteriaceae
Desulfurococcus,Thermoprotei,Desulfurococcales,Desulfurococcaceae
Desulfuromonas,Desulfuromonadia,Desulfuromonadales,Desulfuromonadaceae
Devosia,Alphaproteobacteria,Hyphomicrobiales,Devosiaceae
Devriesea,Actinomycetes,Micrococcales,Dermabacteraceae
Dialister,Negativicutes,Veillonellales,Veillonellaceae
Diaminobutyricibacter,Actinomycetes,Micrococcales,Microbacteriaceae
Diaminobutyricimonas,Actinomycetes,Micrococcales,Microbacteriaceae
Diaphorobacter,Betaproteobacteria,Burkholderiales,Comamonadaceae
Dichelobacter,Gammaproteobacteria,Cardiobacteriales,Cardiobacteriaceae
Dickeya,Gammaproteobacteria,Enterobacterales,Pectobacteriaceae
Dictyoglomus,Dictyoglomia,Dictyoglomales,Dictyoglomaceae
Dietzia,Actinomycetes,Mycobacteriales,Dietziaceae
Dinoroseobacter,Alphaproteobacteria,Rhodobacterales,Roseobacteraceae
Dissulfurimicrobium,Deltaproteobacteria,Unknown,Unknown
Dissulfurispira,Thermodesulfovibrionia,Thermodesulfovibrionales,Dissulfurispiraceae
Dokdonella,Gammaproteobacteria,Lysobacterales,Rhodanobacteraceae
Dokdonia,Flavobacteriia,Flavobacteriales,Flavobacteriaceae
Dolichospermum,Cyanophyceae,Nostocales,Aphanizomenonaceae
Dolosigranulum,Bacilli,Lactobacillales,Carnobacteriaceae
Domibacillus,Bacilli,Bacillales,Bacillaceae
Dongshaea,Gammaproteobacteria,Aeromonadales,Aeromonadaceae
Dorea,Clostridia,Lachnospirales,Lachnospiraceae
Draconibacterium,Bacteroidia,Marinilabiliales,Prolixibacteraceae
Duffyella,Gammaproteobacteria,Enterobacterales,Erwiniaceae
Duganella,Betaproteobacteria,Burkholderiales,Oxalobacteraceae
Duncaniella,Bacteroidia,Bacteroidales,Muribaculaceae
Dyadobacter,Cytophagia,Cytophagales,Spirosomataceae
Dyella,Gammaproteobacteria,Lysobacterales,Rhodanobacteraceae
Dysgonomonas,Bacteroidia,Bacteroidales,Dysgonomonadaceae
Dysosmobacter,Clostridia,Eubacteriales,Oscillospiraceae
Echinicola,Cytophagia,Cytophagales,Cyclobacteriaceae
Ectobacillus,Bacilli,Bacillales,Bacillaceae
Ectopseudomonas,Gammaproteobacteria,Pseudomonadales,Pseudomonadaceae
Ectothiorhodospira,Gammaproteobacteria,Chromatiales,Ectothiorhodospiraceae
Edaphobacter,Terriglobia,Terriglobales,Acidobacteriaceae
Edwardsiella,Gammaproteobacteria,Enterobacterales,Hafniaceae
Effusibacillus,Bacilli,Bacillales,Alicyclobacillaceae
Egbenema,Cyanophyceae,Oculatellales,Oculatellaceae
Eggerthella,Coriobacteriia,Eggerthellales,Eggerthellaceae
Egibacter,Nitriliruptoria,Egibacterales,Egibacteraceae
Egicoccus,Nitriliruptoria,Egicoccales,Egicoccaceae
Ehrlichia,Alphaproteobacteria,Rickettsiales,Anaplasmataceae
Eikenella,Betaproteobacteria,Neisseriales,Neisseriaceae
Eisenbergiella,Clostridia,Lachnospirales,Lachnospiraceae
Eleftheria,Betaproteobacteria,Burkholderiales,Unknown
Elioraea,Alphaproteobacteria,Acetobacterales,Elioraeaceae
Elizabethkingia,Flavobacteriia,Flavobacteriales,Weeksellaceae
Elusimicrobium,Elusimicrobia,Elusimicrobiales,Elusimicrobiaceae
Embleya,Actinomycetes,Kitasatosporales,Streptomycetaceae
Emergencia,Clostridia,Peptostreptococcales,Anaerovoracaceae
Empedobacter,Flavobacteriia,Flavobacteriales,Weeksellaceae
Emticicia,Cytophagia,Cytophagales,Leadbetterellaceae
Endomicrobium,Endomicrobiia,Endomicrobiales,Endomicrobiaceae
Endozoicomonas,Gammaproteobacteria,Oceanospirillales,Endozoicomonadaceae
Engelhardtia,Planctomycetia,Unknown,Unknown
Ensifer,Alphaproteobacteria,Hyphomicrobiales,Rhizobiaceae
Enterobacter,Gammaproteobacteria,Enterobacterales,Enterobacteriaceae
Enterocloster,Clostridia,Lachnospirales,Lachnospiraceae
Enterococcus,Bacilli,Lactobacillales,Enterococcaceae
Enterovibrio,Gammaproteobacteria,Vibrionales,Vibrionaceae
Entomobacter,Alphaproteobacteria,Acetobacterales,Acetobacteraceae
Entomomonas,Gammaproteobacteria,Pseudomonadales,Pseudomonadaceae
Entomoplasma,Mollicutes,Entomoplasmatales,Entomoplasmataceae
Entomospira,Spirochaetia,Spirochaetales,Spirochaetaceae
Ephemeroptericola,Betaproteobacteria,Burkholderiales,Burkholderiaceae
Epidermidibacterium,Actinomycetes,Sporichthyales,Sporichthyaceae
Epilithonimonas,Flavobacteriia,Flavobacteriales,Weeksellaceae
Erwinia,Gammaproteobacteria,Enterobacterales,Erwiniaceae
Erysipelothrix,Erysipelotrichia,Erysipelotrichales,Erysipelotrichaceae
Erythrobacter,Alphaproteobacteria,Sphingomonadales,Erythrobacteraceae
Escherichia,Gammaproteobacteria,Enterobacterales,Enterobacteriaceae
Eshraghiella,Clostridia,Lachnospirales,Lachnospiraceae
Ethanoligenens,Clostridia,Eubacteriales,Oscillospiraceae
Eubacterium,Clostridia,Eubacteriales,Eubacteriaceae
Euhalothece,Cyanophyceae,Chroococcales,Halothecacae
Euzebya,Nitriliruptoria,Euzebyales,Euzebyaceae
Euzebyella,Flavobacteriia,Flavobacteriales,Flavobacteriaceae
Evansella,Bacilli,Bacillales,Bacillaceae
Ewingella,Gammaproteobacteria,Enterobacterales,Yersiniaceae
Exiguobacterium,Bacilli,Bacillales,Unknown
Ezakiella,Tissierellia,Unknown,Unknown
Facklamia,Bacilli,Lactobacillales,Aerococcaceae
Faecalibacillus,Erysipelotrichia,Erysipelotrichales,Coprobacillaceae
Faecalibacter,Flavobacteriia,Flavobacteriales,Weeksellaceae
Faecalibacterium,Clostridia,Eubacteriales,Oscillospiraceae
Faecalibaculum,Erysipelotrichia,Erysipelotrichales,Erysipelotrichaceae
Faecalimonas,Clostridia,Lachnospirales,Lachnospiraceae
Falsihalocynthiibacter,Alphaproteobacteria,Rhodobacterales,Roseobacteraceae
Falsirhodobacter,Alphaproteobacteria,Rhodobacterales,Paracoccaceae
Fannyhessea,Coriobacteriia,Coriobacteriales,Atopobiaceae
Fastidiosipila,Clostridia,Eubacteriales,Oscillospiraceae
Faucicola,Gammaproteobacteria,Moraxellales,Moraxellaceae
Fenollaria,Clostridia,Eubacteriales,Unknown
Ferribacterium,Betaproteobacteria,Rhodocyclales,Azonexaceae
Ferrigenium,Betaproteobacteria,Nitrosomonadales,Gallionellaceae
Ferrimonas,Gammaproteobacteria,Alteromonadales,Ferrimonadaceae
Ferriphaselus,Betaproteobacteria,Nitrosomonadales,Gallionellaceae
Ferroglobus,Archaeoglobi,Archaeoglobales,Archaeoglobaceae
Ferroplasma,Thermoplasmata,Thermoplasmatales,Ferroplasmaceae
Ferrovibrio,Alphaproteobacteria,Rhodospirillales,Rhodospirillaceae
Ferruginibacter,Chitinophagia,Chitinophagales,Chitinophagaceae
Fervidibacillus,Bacilli,Bacillales,Bacillaceae
Fervidicoccus,Thermoprotei,Fervidicoccales,Fervidicoccaceae
Fervidobacterium,Thermotogae,Thermotogales,Fervidobacteriaceae
Fibrobacter,Fibrobacteria,Fibrobacterales,Fibrobacteraceae
Fictibacillus,Bacilli,Bacillales,Fictibacillaceae
Fidelibacter,Fidelibacteria,Fidelibacterales,Fidelibacteraceae
Filifactor,Clostridia,Peptostreptococcales,Filifactoraceae
Filimonas,Chitinophagia,Chitinophagales,Chitinophagaceae
Filomicrobium,Alphaproteobacteria,Hyphomicrobiales,Hyphomicrobiaceae
Fimbriimonas,Fimbriimonadia,Fimbriimonadales,Fimbriimonadaceae
Finegoldia,Tissierellia,Tissierellales,Peptoniphilaceae
Fischerella,Cyanophyceae,Nostocales,Hapalosiphonaceae
Flagellatimonas,Gammaproteobacteria,Nevskiales,Nevskiaceae
Flagellimonas,Flavobacteriia,Flavobacteriales,Flavobacteriaceae
Flammeovirga,Cytophagia,Cytophagales,Flammeovirgaceae
Flaviflexus,Actinomycetes,Actinomycetales,Actinomycetaceae
Flavihumibacter,Chitinophagia,Chitinophagales,Chitinophagaceae
Flaviramulus,Flavobacteriia,Flavobacteriales,Flavobacteriaceae
Flavisolibacter,Chitinophagia,Chitinophagales,Chitinophagaceae
Flavivirga,Flavobacteriia,Flavobacteriales,Flavobacteriaceae
Flavobacterium,Flavobacteriia,Flavobacteriales,Flavobacteriaceae
Flavonifractor,Clostridia,Eubacteriales,Oscillospiraceae
Flexistipes,Deferribacteres,Deferribacterales,Flexistipitaceae
Flintibacter,Clostridia,Eubacteriales,Unknown
Flocculibacter,Gammaproteobacteria,Alteromonadales,Pseudoalteromonadaceae
Floricoccus,Bacilli,Lactobacillales,Streptococcaceae
Fluviibacter,Betaproteobacteria,Rhodocyclales,Fluviibacteraceae
Fluviicola,Flavobacteriia,Flavobacteriales,Crocinitomicaceae
Fodinisporobacter,Bacilli,Bacillales,Alicyclobacillaceae
Fontisphaera,Verrucomicrobiia,Limisphaerales,Fontisphaeraceae
Fontisubflavum,Alphaproteobacteria,Rhodobacterales,Paracoccaceae
Formicincola,Alphaproteobacteria,Acetobacterales,Acetobacteraceae
Formosa,Flavobacteriia,Flavobacteriales,Flavobacteriaceae
Francisella,Gammaproteobacteria,Thiotrichales,Francisellaceae
Franconibacter,Gammaproteobacteria,Enterobacterales,Enterobacteriaceae
Frankia,Actinomycetes,Frankiales,Frankiaceae
Frateuria,Gammaproteobacteria,Lysobacterales,Rhodanobacteraceae
Frederiksenia,Gammaproteobacteria,Pasteurellales,Pasteurellaceae
Fretibacter,Alphaproteobacteria,Maricaulales,Robiginitomaculaceae
Fretibacterium,Synergistia,Synergistales,Aminobacteriaceae
Frigidibacter,Alphaproteobacteria,Rhodobacterales,Paracoccaceae
Frigoribacterium,Actinomycetes,Micrococcales,Microbacteriaceae
Frigoriglobus,Planctomycetia,Gemmatales,Gemmataceae
Frischella,Gammaproteobacteria,Orbales,Orbaceae
Frondihabitans,Actinomycetes,Micrococcales,Microbacteriaceae
Fructilactobacillus,Bacilli,Lactobacillales,Lactobacillaceae
Fructobacillus,Bacilli,Lactobacillales,Lactobacillaceae
Fuerstiella,Planctomycetia,Planctomycetales,Planctomycetaceae
Fulvitalea,Cytophagia,Cytophagales,Persicobacteraceae
Fulvivirga,Cytophagia,Cytophagales,Fulvivirgaceae
Fundicoccus,Bacilli,Lactobacillales,Aerococcaceae
Furfurilactobacillus,Bacilli,Lactobacillales,Lactobacillaceae
Fuscovulum,Alphaproteobacteria,Rhodobacterales,Paracoccaceae
Fusobacterium,Fusobacteriia,Fusobacteriales,Fusobacteriaceae
Galbibacter,Flavobacteriia,Flavobacteriales,Flavobacteriaceae
Gallaecimonas,Gammaproteobacteria,Enterobacterales,Gallaecimonadaceae
Gallibacterium,Gammaproteobacteria,Pasteurellales,Pasteurellaceae
Gallionella,Betaproteobacteria,Nitrosomonadales,Gallionellaceae
Gaopeijia,Longimicrobiia,Gaopeijiales,Gaopeijiaceae
Gaoshiqia,Bacteroidia,Marinilabiliales,Prolixibacteraceae
Gardnerella,Actinomycetes,Bifidobacteriales,Bifidobacteriaceae
Geitlerinema,Cyanophyceae,Geitlerinematales,Geitlerinemataceae
Gelria,Clostridia,Thermoanaerobacterales,Thermoanaerobacteraceae
Gemella,Bacilli,Bacillales,Gemellaceae
Geminocystis,Cyanophyceae,Chroococcales,Geminocystaceae
Gemmata,Planctomycetia,Gemmatales,Gemmataceae
Gemmatimonas,Gemmatimonadia,Gemmatimonadales,Gemmatimonadaceae
Gemmatirosa,Gemmatimonadia,Gemmatimonadales,Gemmatimonadaceae
Gemmobacter,Alphaproteobacteria,Rhodobacterales,Paracoccaceae
Geoalkalibacter,Desulfuromonadia,Desulfuromonadales,Geoalkalibacteraceae
Geobacillus,Bacilli,Bacillales,Anoxybacillaceae
Geobacter,Desulfuromonadia,Geobacterales,Geobacteraceae
Geochorda,Limnochordia,Limnochordales,Geochordaceae
Geodermatophilus,Actinomycetes,Geodermatophilales,Geodermatophilaceae
Geoglobus,Archaeoglobi,Archaeoglobales,Archaeoglobaceae
Geomonas,Desulfuromonadia,Geobacterales,Geobacteraceae
Georgenia,Actinomycetes,Micrococcales,Bogoriellaceae
Georhizobium,Alphaproteobacteria,Hyphomicrobiales,Rhizobiaceae
Geosporobacter,Clostridia,Peptostreptococcales,Thermotaleaceae
Geotalea,Desulfuromonadia,Geobacterales,Geobacteraceae
Geothrix,Holophagae,Holophagales,Holophagaceae
Geovibrio,Deferribacteres,Deferribacterales,Geovibrionaceae
Gephyromycinifex,Actinomycetes,Micrococcales,Dermatophilaceae
Gibbsiella,Gammaproteobacteria,Enterobacterales,Yersiniaceae
Gilliamella,Gammaproteobacteria,Orbales,Orbaceae
Gilvimarinus,Gammaproteobacteria,Cellvibrionales,Cellvibrionaceae
Gimesia,Planctomycetia,Planctomycetales,Planctomycetaceae
Glaciihabitans,Actinomycetes,Micrococcales,Microbacteriaceae
Glaciimonas,Betaproteobacteria,Burkholderiales,Oxalobacteraceae
Glaesserella,Gammaproteobacteria,Pasteurellales,Pasteurellaceae
Gleimia,Actinomycetes,Actinomycetales,Actinomycetaceae
Globicatella,Bacilli,Lactobacillales,Aerococcaceae
Gloeobacter,Cyanophyceae,Gloeobacterales,Gloeobacteraceae
Gloeocapsa,Cyanophyceae,Chroococcales,Chroococcaceae
Gloeocapsopsis,Cyanophyceae,Chroococcales,Chroococcaceae
Gloeothece,Cyanophyceae,Chroococcales,Aphanothecaceae
Gluconacetobacter,Alphaproteobacteria,Acetobacterales,Acetobacteraceae
Gluconobacter,Alphaproteobacteria,Acetobacterales,Acetobacteraceae
Glutamicibacter,Actinomycetes,Micrococcales,Micrococcaceae
Glycocaulis,Alphaproteobacteria,Maricaulales,Maricaulaceae
Gordonia,Actinomycetes,Mycobacteriales,Gordoniaceae
Gordonibacter,Coriobacteriia,Eggerthellales,Eggerthellaceae
Gottfriedia,Bacilli,Bacillales,Bacillaceae
Gottschalkia,Tissierellia,Tissierellales,Gottschalkiaceae
Gracilibacillus,Bacilli,Bacillales,Bacillaceae
Gracilinema,Spirochaetia,Spirochaetales,Breznakiellaceae
Granulibacter,Alphaproteobacteria,Acetobacterales,Acetobacteraceae
Granulicatella,Bacilli,Lactobacillales,Carnobacteriaceae
Granulicella,Terriglobia,Terriglobales,Acidobacteriaceae
Granulosicoccus,Gammaproteobacteria,Chromatiales,Granulosicoccaceae
Grimontia,Gammaproteobacteria,Vibrionales,Vibrionaceae
Gryllotalpicola,Actinomycetes,Micrococcales,Microbacteriaceae
Gudongella,Tissierellia,Tissierellales,Tissierellaceae
Gulosibacter,Actinomycetes,Micrococcales,Microbacteriaceae
Guptibacillus,Bacilli,Bacillales,Guptibacillaceae
Guyparkeria,Gammaproteobacteria,Chromatiales,Thioalkalibacteraceae
Gymnodinialimonas,Alphaproteobacteria,Rhodobacterales,Paracoccaceae
Gynuella,Gammaproteobacteria,Oceanospirillales,Saccharospirillaceae
Haematobacter,Alphaproteobacteria,Rhodobacterales,Paracoccaceae
Haematospirillum,Alphaproteobacteria,Rhodospirillales,Novispirillaceae
Haemophilus,Gammaproteobacteria,Pasteurellales,Pasteurellaceae
Hafnia,Gammaproteobacteria,Enterobacterales,Hafniaceae
Hahella,Gammaproteobacteria,Oceanospirillales,Hahellaceae
Haladaptatus,Halobacteria,Halobacteriales,Haladaptataceae
Halalkaliarchaeum,Halobacteria,Halobacteriales,Haloferacaceae
Halalkalibacter,Bacilli,Bacillales,Bacillaceae
Halalkalibacterium (ex Joshi et al. 2022),Bacilli,Bacillales,Bacillaceae
Halalkalicoccus,Halobacteria,Halobacteriales,Halococcaceae
Halanaeroarchaeum,Halobacteria,Halobacteriales,Halobacteriaceae
Halanaerobium,Clostridia,Halanaerobiales,Halanaerobiaceae
Halapricum,Halobacteria,Halobacteriales,Haloarculaceae
Halarchaeum,Halobacteria,Halobacteriales,Halobacteriaceae
Halarcobacter,Epsilonproteobacteria,Campylobacterales,Arcobacteraceae
Haliangium,Unknown,Haliangiales,Kofleriaceae
Halioglobus,Gammaproteobacteria,Cellvibrionales,Halieaceae
Haliovirga,Fusobacteriia,Fusobacteriales,Haliovirgaceae
Halioxenophilus,Gammaproteobacteria,Alteromonadales,Alteromonadaceae
Haliscomenobacter,Saprospiria,Saprospirales,Haliscomenobacteraceae
Haloarcula,Halobacteria,Halobacteriales,Haloarculaceae
Halobacillus,Bacilli,Bacillales,Bacillaceae
Halobacteriovorax,Bacteriovoracia,Bacteriovoracales,Halobacteriovoraceae
Halobacterium,Halobacteria,Halobacteriales,Halobacteriaceae
Halobacteroides,Clostridia,Halanaerobiales,Halobacteroidaceae
Halobaculum,Halobacteria,Halobacteriales,Haloferacaceae
Halobellus,Halobacteria,Halobacteriales,Haloferacaceae
Halocatena,Halobacteria,Halobacteriales,Haloarculaceae
Halocella,Clostridia,Halanaerobiales,Halanaerobiaceae
Halococcoides,Halobacteria,Halobacteriales,Haloarculaceae
Halococcus,Halobacteria,Halobacteriales,Halococcaceae
Halodesulfurarchaeum,Halobacteria,Halobacteriales,Halobacteriaceae
Haloferax,Halobacteria,Halobacteriales,Haloferacaceae
Haloferula,Verrucomicrobiia,Verrucomicrobiales,Verrucomicrobiaceae
Halogeometricum,Halobacteria,Halobacteriales,Haloferacaceae
Haloglomus,Halobacteria,Halobacteriales,Haloarculaceae
Halohasta,Halobacteria,Halobacteriales,Haloferacaceae
Haloimpatiens,Clostridia,Eubacteriales,Clostridiaceae
Halolamina,Halobacteria,Halobacteriales,Haloferacaceae
Halomarina,Halobacteria,Halobacteriales,Haloarculaceae
Halomicrobium,Halobacteria,Halobacteriales,Haloarculaceae
Halomicrococcus,Halobacteria,Halobacteriales,Haladaptataceae
Halomicronema,Cyanophyceae,Nodosilineales,Nodosilineaceae
Halomonas,Gammaproteobacteria,Oceanospirillales,Halomonadaceae
Halomontanus,Halobacteria,Halobacteriales,Natrialbaceae
Halopenitus,Halobacteria,Halobacteriales,Haloferacaceae
Halopiger,Halobacteria,Halobacteriales,Natrialbaceae
Haloplanus,Halobacteria,Halobacteriales,Haloferacaceae
Haloprofundus,Halobacteria,Halobacteriales,Haloferacaceae
Halopseudomonas,Gammaproteobacteria,Pseudomonadales,Pseudomonadaceae
Haloquadratum,Halobacteria,Halobacteriales,Haloferacaceae
Halorarius,Halobacteria,Halobacteriales,Haloarculaceae
Halorarum,Halobacteria,Halobacteriales,Haloferacaceae
Halorhabdus,Halobacteria,Halobacteriales,Haloarculaceae
Halorhodospira,Gammaproteobacteria,Chromatiales,Ectothiorhodospiraceae
Halorientalis,Halobacteria,Halobacteriales,Haloarculaceae
Halorubrum,Halobacteria,Halobacteriales,Haloferacaceae
Halorussus,Halobacteria,Halobacteriales,Haladaptataceae
Halosegnis,Halobacteria,Halobacteriales,Haloarculaceae
Halosimplex,Halobacteria,Halobacteriales,Haloarculaceae
Halosolutus,Halobacteria,Halobacteriales,Natrialbaceae
Halosquirtibacter,Bacteroidia,Marinilabiliales,Prolixibacteraceae
Halostagnicola,Halobacteria,Halobacteriales,Natrialbaceae
Halotalea,Gammaproteobacteria,Oceanospirillales,Halomonadaceae
Haloterrigena,Halobacteria,Halobacteriales,Natrialbaceae
Halothece,Cyanophyceae,Chroococcales,Halothecacae
Halothermothrix,Clostridia,Halanaerobiales,Halothermotrichaceae
Halothiobacillus,Gammaproteobacteria,Chromatiales,Halothiobacillaceae
Halotia,Cyanophyceae,Nostocales,Nodulariaceae
Halovalidus,Halobacteria,Halobacteriales,Natrialbaceae
Halovenus,Halobacteria,Halobacteriales,Haloarculaceae
Halovivax,Halobacteria,Halobacteriales,Natrialbaceae
Hankyongella,Alphaproteobacteria,Sphingomonadales,Sphingomonadaceae
Haploplasma,Mollicutes,Acholeplasmatales,Acholeplasmataceae
Hartmannibacter,Alphaproteobacteria,Hyphomicrobiales,Pleomorphomonadaceae
Hathewaya,Clostridia,Eubacteriales,Clostridiaceae
Helcobacillus,Actinomycetes,Micrococcales,Dermabacteraceae
Helcococcus,Tissierellia,Tissierellales,Peptoniphilaceae
Helicobacter,Epsilonproteobacteria,Campylobacterales,Helicobacteraceae
Helicovermis,Clostridia,Unknown,Unknown
Heliomicrobium,Clostridia,Eubacteriales,Heliobacteriaceae
Heliorestis,Clostridia,Eubacteriales,Heliobacteriaceae
Herbaspirillum,Betaproteobacteria,Burkholderiales,Oxalobacteraceae
Herbiconiux,Actinomycetes,Micrococcales,Microbacteriaceae
Herbinix,Clostridia,Lachnospirales,Lachnospiraceae
Herminiimonas,Betaproteobacteria,Burkholderiales,Oxalobacteraceae
Heyndrickxia,Bacilli,Bacillales,Bacillaceae
Hippea,Desulfurellia,Desulfurellales,Hippeaceae
Hirschia,Alphaproteobacteria,Hyphomonadales,Hyphomonadaceae
Histophilus,Gammaproteobacteria,Pasteurellales,Pasteurellaceae
Hoeflea,Alphaproteobacteria,Hyphomicrobiales,Rhizobiaceae
Holdemania,Erysipelotrichia,Erysipelotrichales,Erysipelotrichaceae
Homoserinibacter,Actinomycetes,Micrococcales,Microbacteriaceae
Horticoccus,Opitutia,Opitutales,Opitutaceae
Hoylesella,Bacteroidia,Bacteroidales,Prevotellaceae
Hoyosella,Actinomycetes,Mycobacteriales,Hoyosellaceae
Hujiaoplasma,Candidatus Izimaplasma,Candidatus Izemoplasmatales,Hujiaoplasmataceae
Humibacillus,Actinomycetes,Micrococcales,Intrasporangiaceae
Humibacter,Actinomycetes,Micrococcales,Microbacteriaceae
Humisphaera,Phycisphaerae,Tepidisphaerales,Tepidisphaeraceae
Hungatella,Clostridia,Lachnospirales,Lachnospiraceae
Hwangdonia,Flavobacteriia,Flavobacteriales,Flavobacteriaceae
Hydrocarboniclastica,Gammaproteobacteria,Alteromonadales,Alteromonadaceae
Hydrogenibacillus,Bacilli,Bacillales,Bacillales Family X. Incertae Sedis
Hydrogenimonas,Epsilonproteobacteria,Campylobacterales,Hydrogenimonadaceae
Hydrogenobacter,Aquificia,Aquificales,Aquificaceae
Hydrogenobaculum,Aquificia,Aquificales,Aquificaceae
Hydrogenophaga,Betaproteobacteria,Burkholderiales,Comamonadaceae
Hydrogenophilus,Hydrogenophilia,Hydrogenophilales,Hydrogenophilaceae
Hydrogenovibrio,Gammaproteobacteria,Thiotrichales,Piscirickettsiaceae
Hymenobacter,Cytophagia,Cytophagales,Hymenobacteraceae
Hypericibacter,Alphaproteobacteria,Rhodospirillales,Dongiaceae
Hyperthermus,Thermoprotei,Desulfurococcales,Pyrodictiaceae
Hyphobacterium,Alphaproteobacteria,Maricaulales,Maricaulaceae
Hyphococcus,Alphaproteobacteria,Parvularculales,Parvularculaceae
Hyphomicrobium,Alphaproteobacteria,Hyphomicrobiales,Hyphomicrobiaceae
Hyphomonas,Alphaproteobacteria,Hyphomonadales,Hyphomonadaceae
Iamia,Acidimicrobiia,Acidimicrobiales,Iamiaceae
Ichthyobacterium,Flavobacteriia,Flavobacteriales,Ichthyobacteriaceae
Ideonella,Betaproteobacteria,Burkholderiales,Sphaerotilaceae
Idiomarina,Gammaproteobacteria,Alteromonadales,Idiomarinaceae
Ignatzschineria,Gammaproteobacteria,Cardiobacteriales,Ignatzschineriaceae
Ignavibacterium,Ignavibacteria,Ignavibacteriales,Ignavibacteriaceae
Ignavigranum,Bacilli,Lactobacillales,Aerococcaceae
Ignicoccus,Thermoprotei,Desulfurococcales,Desulfurococcaceae
Ilumatobacter,Acidimicrobiia,Acidimicrobiales,Ilumatobacteraceae
Ilyobacter,Fusobacteriia,Fusobacteriales,Fusobacteriaceae
Immundisolibacter,Gammaproteobacteria,Immundisolibacterales,Immundisolibacteraceae
Imperialibacter,Cytophagia,Cytophagales,Flammeovirgaceae
Imtechella,Flavobacteriia,Flavobacteriales,Flavobacteriaceae
Indioceanicola,Alphaproteobacteria,Rhodospirillales,Azospirillaceae
Infirmifilum,Thermoprotei,Thermofilales,Thermofilaceae
Inhella,Betaproteobacteria,Burkholderiales,Sphaerotilaceae
Intestinibacillus,Clostridia,Eubacteriales,Butyricicoccaceae
Intestinibacter,Clostridia,Peptostreptococcales,Peptostreptococcaceae
Intestinibaculum,Erysipelotrichia,Erysipelotrichales,Erysipelotrichaceae
Intestinimonas,Clostridia,Eubacteriales,Unknown
Intrasporangium,Actinomycetes,Micrococcales,Intrasporangiaceae
Iocasia,Clostridia,Halanaerobiales,Halanaerobiaceae
Iodobacter,Betaproteobacteria,Neisseriales,Chitinibacteraceae
Isoalcanivorax,Gammaproteobacteria,Oceanospirillales,Alcanivoracaceae
Isoptericola,Actinomycetes,Micrococcales,Promicromonosporaceae
Isosphaera,Planctomycetia,Isosphaerales,Isosphaeraceae
Janibacter,Actinomycetes,Micrococcales,Intrasporangiaceae
Jannaschia,Alphaproteobacteria,Rhodobacterales,Roseobacteraceae
Janthinobacterium,Betaproteobacteria,Burkholderiales,Oxalobacteraceae
Jatrophihabitans,Actinomycetes,Jatrophihabitantales,Jatrophihabitantaceae
Jejubacter,Gammaproteobacteria,Enterobacterales,Enterobacteriaceae
Jeongeupia,Betaproteobacteria,Neisseriales,Chitinibacteraceae
Jeotgalibaca,Bacilli,Lactobacillales,Carnobacteriaceae
Jeotgalibacillus,Bacilli,Bacillales,Caryophanaceae
Jeotgalicoccus,Bacilli,Bacillales,Staphylococcaceae
Jiella,Alphaproteobacteria,Hyphomicrobiales,Aurantimonadaceae
Jonesia,Actinomycetes,Micrococcales,Jonesiaceae
Kaistella,Flavobacteriia,Flavobacteriales,Weeksellaceae
Kaistia,Alphaproteobacteria,Hyphomicrobiales,Kaistiaceae
Kangiella,Gammaproteobacteria,Kangiellales,Kangiellaceae
Kaustia,Alphaproteobacteria,Hyphomicrobiales,Parvibaculaceae
Keratinibaculum,Tissierellia,Tissierellales,Tepidimicrobiaceae
Kerstersia,Betaproteobacteria,Burkholderiales,Alcaligenaceae
Ketobacter,Gammaproteobacteria,Pseudomonadales,Ketobacteraceae
Ketogulonicigenium,Alphaproteobacteria,Rhodobacterales,Roseobacteraceae
Kibdelosporangium,Actinomycetes,Pseudonocardiales,Pseudonocardiaceae
Kineobactrum,Gammaproteobacteria,Cellvibrionales,Halieaceae
Kineococcus,Actinomycetes,Kineosporiales,Kineosporiaceae
Kineothrix,Clostridia,Lachnospirales,Lachnospiraceae
Kingella,Betaproteobacteria,Neisseriales,Neisseriaceae
Kiritimatiella,Kiritimatiellia,Kiritimatiellales,Kiritimatiellaceae
Kitasatospora,Actinomycetes,Kitasatosporales,Streptomycetaceae
Klebsiella,Gammaproteobacteria,Enterobacterales,Enterobacteriaceae
Kluyvera,Gammaproteobacteria,Enterobacterales,Enterobacteriaceae
Knoellia,Actinomycetes,Micrococcales,Intrasporangiaceae
Kocuria,Actinomycetes,Micrococcales,Micrococcaceae
Koinonema,Cyanophyceae,Oscillatoriales,Oscillatoriaceae
Koleobacter,Clostridia,Koleobacterales,Koleobacteraceae
Kolteria,Planctomycetia,Unknown,Unknown
Komagataeibacter,Alphaproteobacteria,Acetobacterales,Acetobacteraceae
Kordia,Flavobacteriia,Flavobacteriales,Flavobacteriaceae
Kordiimonas,Alphaproteobacteria,Kordiimonadales,Kordiimonadaceae
Kosakonia,Gammaproteobacteria,Enterobacterales,Enterobacteriaceae
Kosmotoga,Thermotogae,Kosmotogales,Kosmotogaceae
Kovacikia,Cyanophyceae,Leptolyngbyales,Leptolyngbyaceae
Kozakia,Alphaproteobacteria,Acetobacterales,Acetobacteraceae
Krasilnikovia,Actinomycetes,Micromonosporales,Micromonosporaceae
Kribbella,Actinomycetes,Propionibacteriales,Kribbellaceae
Kroppenstedtia,Bacilli,Bacillales,Thermoactinomycetaceae
Ktedonosporobacter,Ktedonobacteria,Ktedonobacterales,Ktedonosporobacteraceae
Kurthia,Bacilli,Bacillales,Caryophanaceae
Kushneria,Gammaproteobacteria,Oceanospirillales,Halomonadaceae
Kutzneria,Actinomycetes,Pseudonocardiales,Pseudonocardiaceae
Kyrpidia,Bacilli,Bacillales,Alicyclobacillaceae
Kytococcus,Actinomycetes,Micrococcales,Kytococcaceae
Labilibaculum,Bacteroidia,Marinilabiliales,Marinifilaceae
Labilithrix,Unknown,Polyangiales,Labilitrichaceae
Labrenzia,Alphaproteobacteria,Hyphomicrobiales,Stappiaceae
Labrys,Alphaproteobacteria,Hyphomicrobiales,Xanthobacteraceae
Laceyella,Bacilli,Bacillales,Thermoactinomycetaceae
Lachnoanaerobaculum,Clostridia,Lachnospirales,Lachnospiraceae
Lachnoclostridium,Clostridia,Lachnospirales,Lachnospiraceae
Lachnospira,Clostridia,Lachnospirales,Lachnospiraceae
Lacibacter,Chitinophagia,Chitinophagales,Chitinophagaceae
Lacimicrobium,Gammaproteobacteria,Alteromonadales,Alteromonadaceae
Lacinutrix,Flavobacteriia,Flavobacteriales,Flavobacteriaceae
Lacipirellula,Planctomycetia,Pirellulales,Lacipirellulaceae
Lacrimispora,Clostridia,Lachnospirales,Lachnospiraceae
Lacticaseibacillus,Bacilli,Lactobacillales,Lactobacillaceae
Lactiplantibacillus,Bacilli,Lactobacillales,Lactobacillaceae
Lactobacillus,Bacilli,Lactobacillales,Lactobacillaceae
Lactococcus,Bacilli,Lactobacillales,Streptococcaceae
Lactonifactor,Clostridia,Eubacteriales,Clostridiaceae
Lacunisphaera,Opitutia,Opitutales,Opitutaceae
Lancefieldella,Coriobacteriia,Coriobacteriales,Atopobiaceae
Lapidilactobacillus,Bacilli,Lactobacillales,Lactobacillaceae
Laribacter,Betaproteobacteria,Neisseriales,Aquaspirillaceae
Larkinella,Cytophagia,Cytophagales,Spirosomataceae
Latilactobacillus,Bacilli,Lactobacillales,Lactobacillaceae
Lautropia,Betaproteobacteria,Burkholderiales,Burkholderiaceae
Lawsonella,Actinomycetes,Mycobacteriales,Lawsonellaceae
Lawsonia,Desulfovibrionia,Desulfovibrionales,Desulfovibrionaceae
Lawsonibacter,Clostridia,Eubacteriales,Oscillospiraceae
Leadbettera,Spirochaetia,Spirochaetales,Breznakiellaceae
Leadbetterella,Cytophagia,Cytophagales,Leadbetterellaceae
Leclercia,Gammaproteobacteria,Enterobacterales,Enterobacteriaceae
Lederbergia,Bacilli,Bacillales,Bacillaceae
Leeuwenhoekiella,Flavobacteriia,Flavobacteriales,Flavobacteriaceae
Legionella,Gammaproteobacteria,Legionellales,Legionellaceae
Leifsonia,Actinomycetes,Micrococcales,Microbacteriaceae
Leisingera,Alphaproteobacteria,Rhodobacterales,Roseobacteraceae
Lelliottia,Gammaproteobacteria,Enterobacterales,Enterobacteriaceae
Leminorella,Gammaproteobacteria,Enterobacterales,Budviciaceae
Lentibacillus,Bacilli,Bacillales,Bacillaceae
Lentibacter,Alphaproteobacteria,Rhodobacterales,Roseobacteraceae
Lentilactobacillus,Bacilli,Lactobacillales,Lactobacillaceae
Lentilitoribacter,Alphaproteobacteria,Hyphomicrobiales,Rhizobiaceae
Lentisphaera,Lentisphaeria,Lentisphaerales,Lentisphaeraceae
Lentzea,Actinomycetes,Pseudonocardiales,Pseudonocardiaceae
Leptodesmis,Cyanophyceae,Leptolyngbyales,Leptolyngbyaceae
Leptogranulimonas,Coriobacteriia,Coriobacteriales,Kribbibacteriaceae
Leptolyngbya,Cyanophyceae,Leptolyngbyales,Leptolyngbyaceae
Leptospira,Spirochaetia,Leptospirales,Leptospiraceae
Leptospirillum,Nitrospiria,Nitrospirales,Nitrospiraceae
Leptothermofonsia,Cyanophyceae,Leptolyngbyales,Leptolyngbyaceae
Leptothrix,Betaproteobacteria,Burkholderiales,Sphaerotilaceae
Leptotrichia,Fusobacteriia,Fusobacteriales,Leptotrichiaceae
Leucobacter,Actinomycetes,Micrococcales,Microbacteriaceae
Leuconostoc,Bacilli,Lactobacillales,Lactobacillaceae
Levilactobacillus,Bacilli,Lactobacillales,Lactobacillaceae
Lewinella,Saprospiria,Saprospirales,Lewinellaceae
Liberibacter,Alphaproteobacteria,Hyphomicrobiales,Rhizobiaceae
Lichenicola,Alphaproteobacteria,Acetobacterales,Acetobacteraceae
Lichenihabitans,Alphaproteobacteria,Hyphomicrobiales,Lichenihabitantaceae
Ligilactobacillus,Bacilli,Lactobacillales,Lactobacillaceae
Lignipirellula,Planctomycetia,Pirellulales,Pirellulaceae
Limibacterium,Bacteroidia,Bacteroidales,Dysgonomonadaceae
Limihaloglobus,Phycisphaerae,Sedimentisphaerales,Sedimentisphaeraceae
Limimaricola,Alphaproteobacteria,Rhodobacterales,Paracoccaceae
Limnobacter,Betaproteobacteria,Burkholderiales,Burkholderiaceae
Limnobaculum,Gammaproteobacteria,Enterobacterales,Budviciaceae
Limnochorda,Limnochordia,Limnochordales,Limnochordaceae
Limnoglobus,Planctomycetia,Gemmatales,Gemmataceae
Limnohabitans,Betaproteobacteria,Burkholderiales,Comamonadaceae
Limnospira,Cyanophyceae,Oscillatoriales,Sirenicapillariaceae
Limosilactobacillus,Bacilli,Lactobacillales,Lactobacillaceae
Liquorilactobacillus,Bacilli,Lactobacillales,Lactobacillaceae
Listeria,Bacilli,Bacillales,Listeriaceae
Litorilituus,Gammaproteobacteria,Alteromonadales,Colwelliaceae
Litorimonas,Alphaproteobacteria,Maricaulales,Robiginitomaculaceae
Litorivicinus,Gammaproteobacteria,Oceanospirillales,Litorivicinaceae
Loigolactobacillus,Bacilli,Lactobacillales,Lactobacillaceae
Loktanella,Alphaproteobacteria,Rhodobacterales,Roseobacteraceae
Lonepinella,Gammaproteobacteria,Pasteurellales,Pasteurellaceae
Longicatena,Erysipelotrichia,Erysipelotrichales,Erysipelotrichaceae
Longispora,Actinomycetes,Micromonosporales,Micromonosporaceae
Lonsdalea,Gammaproteobacteria,Enterobacterales,Pectobacteriaceae
Luteibacter,Gammaproteobacteria,Lysobacterales,Rhodanobacteraceae
Luteimicrobium,Actinomycetes,Micrococcales,Unknown
Luteimonas,Gammaproteobacteria,Lysobacterales,Lysobacteraceae
Luteipulveratus,Actinomycetes,Micrococcales,Dermacoccaceae
Luteitalea,Vicinamibacteria,Vicinamibacterales,Vicinamibacteraceae
Luteithermobacter,Alphaproteobacteria,Emcibacterales,Emcibacteraceae
Luteococcus,Actinomycetes,Propionibacteriales,Propionibacteriaceae
Luteolibacter,Verrucomicrobiia,Verrucomicrobiales,Verrucomicrobiaceae
Lutibacter,Flavobacteriia,Flavobacteriales,Flavobacteriaceae
Lutimonas,Flavobacteriia,Flavobacteriales,Flavobacteriaceae
Lysinibacillus,Bacilli,Bacillales,Bacillaceae
Lysinibacter,Actinomycetes,Micrococcales,Microbacteriaceae
Lysobacter,Gammaproteobacteria,Lysobacterales,Lysobacteraceae
Macrococcoides,Bacilli,Bacillales,Staphylococcaceae
Macrococcus,Bacilli,Bacillales,Staphylococcaceae
Mageeibacillus,Clostridia,Eubacteriales,Oscillospiraceae
Magnetococcus,Magnetococcia,Magnetococcales,Magnetococcaceae
Magnetospira,Alphaproteobacteria,Rhodospirillales,Thalassospiraceae
Magnetospirillum,Alphaproteobacteria,Rhodospirillales,Rhodospirillaceae
Mahella,Clostridia,Thermoanaerobacterales,Thermoanaerobacterales Family IV. Incertae Sedis
Maioricimonas,Planctomycetia,Planctomycetales,Planctomycetaceae
Malaciobacter,Epsilonproteobacteria,Campylobacterales,Arcobacteraceae
Malacoplasma,Unknown,Mycoplasmoidales,Mycoplasmoidaceae
Maliibacterium,Clostridia,Eubacteriales,Maliibacteriaceae
Mameliella,Alphaproteobacteria,Rhodobacterales,Roseobacteraceae
Mammaliicoccus,Bacilli,Bacillales,Staphylococcaceae
Mangrovibacillus,Bacilli,Bacillales,Bacillaceae
Mangrovibacter,Gammaproteobacteria,Enterobacterales,Enterobacteriaceae
Mangrovimonas,Flavobacteriia,Flavobacteriales,Flavobacteriaceae
Mangrovivirga,Cytophagia,Cytophagales,Mangrovivirgaceae
Mannheimia,Gammaproteobacteria,Pasteurellales,Pasteurellaceae
Maribacter,Flavobacteriia,Flavobacteriales,Flavobacteriaceae
Maribellus,Bacteroidia,Marinilabiliales,Prolixibacteraceae
Maricaulis,Alphaproteobacteria,Maricaulales,Maricaulaceae
Marichromatium,Gammaproteobacteria,Chromatiales,Chromatiaceae
Maricurvus,Gammaproteobacteria,Cellvibrionales,Cellvibrionaceae
Maridesulfovibrio,Desulfovibrionia,Desulfovibrionales,Desulfovibrionaceae
Marilutibacter,Gammaproteobacteria,Lysobacterales,Lysobacteraceae
Mariluticola,Alphaproteobacteria,Hyphomicrobiales,Devosiaceae
Marinagarivorans,Gammaproteobacteria,Cellvibrionales,Cellvibrionaceae
Mariniblastus,Planctomycetia,Pirellulales,Pirellulaceae
Marinicauda,Alphaproteobacteria,Maricaulales,Maricaulaceae
Marinicella,Gammaproteobacteria,Oceanospirillales,Alcanivoracaceae
Marinicellulosiphila,Gammaproteobacteria,Oceanospirillales,Unknown
Mariniflexile,Flavobacteriia,Flavobacteriales,Flavobacteriaceae
Marinilactibacillus,Bacilli,Lactobacillales,Carnobacteriaceae
Marinilongibacter,Cytophagia,Cytophagales,Leadbetterellaceae
Marinimicrobium,Gammaproteobacteria,Cellvibrionales,Cellvibrionaceae
Mariniplasma,Mollicutes,Acholeplasmatales,Acholeplasmataceae
Marinithermus,Deinococci,Thermales,Thermaceae
Marinitoga,Thermotogae,Petrotogales,Petrotogaceae
Marinobacter,Gammaproteobacteria,Pseudomonadales,Marinobacteraceae
Marinobacterium,Gammaproteobacteria,Oceanospirillales,Oceanospirillaceae
Marinomonas,Gammaproteobacteria,Oceanospirillales,Oceanospirillaceae
Marinospirillum,Gammaproteobacteria,Oceanospirillales,Oceanospirillaceae
Marinovum,Alphaproteobacteria,Rhodobacterales,Roseobacteraceae
Mariprofundus,Zetaproteobacteria,Mariprofundales,Mariprofundaceae
Marisediminicola,Actinomycetes,Micrococcales,Microbacteriaceae
Maritalea,Alphaproteobacteria,Hyphomicrobiales,Devosiaceae
Marivirga,Cytophagia,Cytophagales,Marivirgaceae
Marivivens,Alphaproteobacteria,Rhodobacterales,Paracoccaceae
Marixanthomonas,Flavobacteriia,Flavobacteriales,Flavobacteriaceae
Marnyiella,Flavobacteriia,Flavobacteriales,Weeksellaceae
Martelella,Alphaproteobacteria,Hyphomicrobiales,Aurantimonadaceae
Marvinbryantia,Clostridia,Lachnospirales,Lachnospiraceae
Massilia,Betaproteobacteria,Burkholderiales,Oxalobacteraceae
Massilimicrobiota,Erysipelotrichia,Erysipelotrichales,Erysipelotrichaceae
Mediterraneibacter,Clostridia,Lachnospirales,Lachnospiraceae
Megamonas,Negativicutes,Selenomonadales,Selenomonadaceae
Megasphaera,Negativicutes,Veillonellales,Veillonellaceae
Meiothermus,Deinococci,Thermales,Thermaceae
Melaminivora,Betaproteobacteria,Burkholderiales,Comamonadaceae
Melioribacter,Ignavibacteria,Ignavibacteriales,Melioribacteraceae
Melissococcus,Bacilli,Lactobacillales,Enterococcaceae
Melittangium,Myxococcia,Myxococcales,Archangiaceae
Mergibacter,Gammaproteobacteria,Pasteurellales,Pasteurellaceae
Mesobacillus,Bacilli,Bacillales,Bacillaceae
Mesoflavibacter,Flavobacteriia,Flavobacteriales,Flavobacteriaceae
Mesomycoplasma,Unknown,Mycoplasmoidales,Metamycoplasmataceae
Mesoplasma,Mollicutes,Entomoplasmatales,Entomoplasmataceae
Mesorhizobium,Alphaproteobacteria,Hyphomicrobiales,Phyllobacteriaceae
Mesoterricola,Holophagae,Holophagales,Holophagaceae
Mesotoga,Thermotogae,Kosmotogales,Kosmotogaceae
Metabacillus,Bacilli,Bacillales,Bacillaceae
Metallosphaera,Thermoprotei,Sulfolobales,Sulfolobaceae
Metallumcola,Clostridia,Neomorellales,Desulfitibacteraceae
Metamycoplasma,Unknown,Mycoplasmoidales,Metamycoplasmataceae
Metapseudomonas,Gammaproteobacteria,Pseudomonadales,Pseudomonadaceae
Metasolibacillus,Bacilli,Bacillales,Caryophanaceae
Methanimicrococcus,Methanomicrobia,Methanosarcinales,Methanosarcinaceae
Methanobacterium,Methanobacteria,Methanobacteriales,Methanobacteriaceae
Methanobrevibacter,Methanobacteria,Methanobacteriales,Methanobacteriaceae
Methanocaldococcus,Methanococci,Methanococcales,Methanocaldococcaceae
Methanocella,Methanomicrobia,Methanocellales,Methanocellaceae
Methanochimaera,Methanomicrobia,Methanomicrobiales,Methanomicrobiaceae
Methanococcoides,Methanomicrobia,Methanosarcinales,Methanosarcinaceae
Methanococcus,Methanococci,Methanococcales,Methanococcaceae
Methanocorpusculum,Methanomicrobia,Methanomicrobiales,Methanocorpusculaceae
Methanoculleus,Methanomicrobia,Methanomicrobiales,Methanomicrobiaceae
Methanofervidicoccus,Methanococci,Methanococcales,Unknown
Methanofollis,Methanomicrobia,Methanomicrobiales,Methanomicrobiaceae
Methanogenium,Methanomicrobia,Methanomicrobiales,Methanomicrobiaceae
Methanohalobium,Methanomicrobia,Methanosarcinales,Methanosarcinaceae
Methanohalophilus,Methanomicrobia,Methanosarcinales,Methanosarcinaceae
Methanolacinia,Methanomicrobia,Methanomicrobiales,Methanomicrobiaceae
Methanolapillus,Methanomicrobia,Methanosarcinales,Methanosarcinaceae
Methanolobus,Methanomicrobia,Methanosarcinales,Methanosarcinaceae
Methanomassiliicoccus,Thermoplasmata,Methanomassiliicoccales,Methanomassiliicoccaceae
Methanomethylophilus,Thermoplasmata,Methanomassiliicoccales,Methanomethylophilaceae
Methanomethylovorans,Methanomicrobia,Methanosarcinales,Methanosarcinaceae
Methanomicrobium,Methanomicrobia,Methanomicrobiales,Methanomicrobiaceae
Methanonatronarchaeum,Methanonatronarchaeia,Methanonatronarchaeales,Methanonatronarchaeaceae
Methanoplanus,Methanomicrobia,Methanomicrobiales,Methanomicrobiaceae
Methanopyrus,Methanopyri,Methanopyrales,Methanopyraceae
Methanoregula,Methanomicrobia,Methanomicrobiales,Methanoregulaceae
Methanosalsum,Methanomicrobia,Methanosarcinales,Methanosarcinaceae
Methanosarcina,Methanomicrobia,Methanosarcinales,Methanosarcinaceae
Methanosphaera,Methanobacteria,Methanobacteriales,Methanobacteriaceae
Methanosphaerula,Methanomicrobia,Methanomicrobiales,Methanoregulaceae
Methanospirillum,Methanomicrobia,Methanomicrobiales,Methanospirillaceae
Methanothermobacter,Methanobacteria,Methanobacteriales,Methanobacteriaceae
Methanothermococcus,Methanococci,Methanococcales,Methanococcaceae
Methanothrix,Methanomicrobia,Methanotrichales,Methanotrichaceae
Methanotorris,Methanococci,Methanococcales,Methanocaldococcaceae
Methylacidimicrobium,Unknown,Unknown,Unknown
Methylacidiphilum (ex Ratnadevi et al. 2023),Methylacidiphilae,Methylacidiphilales,Methylacidiphilaceae
Methylibium,Betaproteobacteria,Burkholderiales,Sphaerotilaceae
Methylobacillus,Betaproteobacteria,Nitrosomonadales,Methylophilaceae
Methylobacter,Gammaproteobacteria,Methylococcales,Methylococcaceae
Methylobacterium,Alphaproteobacteria,Hyphomicrobiales,Methylobacteriaceae
Methylocaldum,Gammaproteobacteria,Methylococcales,Methylococcaceae
Methylocapsa,Alphaproteobacteria,Hyphomicrobiales,Beijerinckiaceae
Methyloceanibacter,Alphaproteobacteria,Hyphomicrobiales,Hyphomicrobiaceae
Methylocella,Alphaproteobacteria,Hyphomicrobiales,Beijerinckiaceae
Methylococcus,Gammaproteobacteria,Methylococcales,Methylococcaceae
Methylocystis,Alphaproteobacteria,Hyphomicrobiales,Methylocystaceae
Methylogaea,Gammaproteobacteria,Methylococcales,Methylococcaceae
Methyloligella,Alphaproteobacteria,Hyphomicrobiales,Hyphomicrobiaceae
Methylomagnum,Gammaproteobacteria,Methylococcales,Methylococcaceae
Methylomarinovum,Gammaproteobacteria,Methylococcales,Methylothermaceae
Methylomarinum,Gammaproteobacteria,Methylococcales,Methylococcaceae
Methylomicrobium,Gammaproteobacteria,Methylococcales,Methylococcaceae
Methylomonas,Gammaproteobacteria,Methylococcales,Methylococcaceae
Methylomusa,Negativicutes,Selenomonadales,Sporomusaceae
Methylophaga,Gammaproteobacteria,Thiotrichales,Piscirickettsiaceae
Methylophilus,Betaproteobacteria,Nitrosomonadales,Methylophilaceae
Methyloradius,Betaproteobacteria,Nitrosomonadales,Methylophilaceae
Methyloraptor,Alphaproteobacteria,Hyphomicrobiales,Ancalomicrobiaceae
Methylorubrum,Alphaproteobacteria,Hyphomicrobiales,Methylobacteriaceae
Methylosinus,Alphaproteobacteria,Hyphomicrobiales,Methylocystaceae
Methylotenera,Betaproteobacteria,Nitrosomonadales,Methylophilaceae
Methylotuvimicrobium,Gammaproteobacteria,Methylococcales,Methylococcaceae
Methyloversatilis,Betaproteobacteria,Nitrosomonadales,Sterolibacteriaceae
Methylovirgula,Alphaproteobacteria,Hyphomicrobiales,Beijerinckiaceae
Methylovorus,Betaproteobacteria,Nitrosomonadales,Methylophilaceae
Methylovulum,Gammaproteobacteria,Methylococcales,Methylococcaceae
Micavibrio,Bdellovibrionia,Bdellovibrionales,Pseudobdellovibrionaceae
Microbacterium,Actinomycetes,Micrococcales,Microbacteriaceae
Microbispora,Actinomycetes,Streptosporangiales,Streptosporangiaceae
Microbulbifer,Gammaproteobacteria,Cellvibrionales,Microbulbiferaceae
Microcella,Actinomycetes,Micrococcales,Microbacteriaceae
Micrococcus,Actinomycetes,Micrococcales,Micrococcaceae
Microcystis,Cyanophyceae,Chroococcales,Microcystaceae
Microlunatus,Actinomycetes,Propionibacteriales,Propionibacteriaceae
Micromonospora,Actinomycetes,Micromonosporales,Micromonosporaceae
Micropruina,Actinomycetes,Propionibacteriales,Nocardioidaceae
Microterricola,Actinomycetes,Micrococcales,Microbacteriaceae
Microvenator,Deltaproteobacteria,Bradymonadales,Microvenatoraceae
Microvirga,Alphaproteobacteria,Hyphomicrobiales,Methylobacteriaceae
Miltoncostaea,Thermoleophilia,Miltoncostaeales,Miltoncostaeaceae
Miniimonas,Actinomycetes,Micrococcales,Beutenbergiaceae
Miniphocaeibacter,Tissierellia,Tissierellales,Peptoniphilaceae
Minisyncoccus,Minisyncoccia,Minisyncoccales,Minisyncoccaceae
Minwuia,Alphaproteobacteria,Minwuiales,Minwuiaceae
Mixta,Gammaproteobacteria,Enterobacterales,Erwiniaceae
Mobiluncus,Actinomycetes,Actinomycetales,Actinomycetaceae
Modestobacter,Actinomycetes,Geodermatophilales,Geodermatophilaceae
Moellerella,Gammaproteobacteria,Enterobacterales,Morganellaceae
Mogibacterium,Clostridia,Peptostreptococcales,Anaerovoracaceae
Mongoliitalea,Cytophagia,Cytophagales,Cyclobacteriaceae
Monoglobus,Clostridia,Monoglobales,Monoglobaceae
Moorella,Clostridia,Moorellales,Moorellaceae
Moorella (nom. illeg.),Clostridia,Moorellales (nom. illeg.),Moorellaceae (nom. illeg.)
Moorena,Cyanophyceae,Coleofasciculales,Coleofasciculaceae
Moraxella,Gammaproteobacteria,Moraxellales,Moraxellaceae
Morganella,Gammaproteobacteria,Enterobacterales,Morganellaceae
Moritella,Gammaproteobacteria,Alteromonadales,Moritellaceae
Morococcus,Betaproteobacteria,Neisseriales,Neisseriaceae
Mucilaginibacter,Sphingobacteriia,Sphingobacteriales,Sphingobacteriaceae
Mucisphaera,Phycisphaerae,Phycisphaerales,Phycisphaeraceae
Mucispirillum,Deferribacteres,Deferribacterales,Mucispirillaceae
Mumia,Actinomycetes,Propionibacteriales,Nocardioidaceae
Murdochiella,Tissierellia,Tissierellales,Peptoniphilaceae
Muribaculum,Bacteroidia,Bacteroidales,Muribaculaceae
Muriicola,Flavobacteriia,Flavobacteriales,Flavobacteriaceae
Musicola,Gammaproteobacteria,Enterobacterales,Pectobacteriaceae
Mycetocola,Actinomycetes,Micrococcales,Microbacteriaceae
Mycetohabitans,Betaproteobacteria,Burkholderiales,Burkholderiaceae
Mycoavidus,Betaproteobacteria,Burkholderiales,Burkholderiaceae
Mycobacterium,Actinomycetes,Mycobacteriales,Mycobacteriaceae
Mycobacteroides,Actinomycetes,Mycobacteriales,Mycobacteriaceae
Mycolicibacillus,Actinomycetes,Mycobacteriales,Mycobacteriaceae
Mycolicibacter,Actinomycetes,Mycobacteriales,Mycobacteriaceae
Mycolicibacterium,Actinomycetes,Mycobacteriales,Mycobacteriaceae
Mycoplasma,Mollicutes,Mycoplasmatales,Mycoplasmataceae
Mycoplasmoides,Unknown,Mycoplasmoidales,Mycoplasmoidaceae
Mycoplasmopsis,Unknown,Mycoplasmoidales,Metamycoplasmataceae
Mycovorax,Chitinophagia,Chitinophagales,Chitinophagaceae
Myroides,Flavobacteriia,Flavobacteriales,Flavobacteriaceae
Myxococcus,Myxococcia,Myxococcales,Myxococcaceae
Naasia,Actinomycetes,Micrococcales,Microbacteriaceae
Nakamurella,Actinomycetes,Nakamurellales,Nakamurellaceae
Nanchangia,Actinomycetes,Actinomycetales,Actinomycetaceae
Nannocystis,Unknown,Nannocystales,Nannocystaceae
Nanobdella,Nanobdellia,Nanobdellales,Nanobdellaceae
Natranaeroarchaeum,Halobacteria,Halobacteriales,Natronoarchaeaceae
Natranaerobius,Clostridia,Natranaerobiales,Natranaerobiaceae
Natranaerofaba,Clostridia,Natranaerobiales,Natranaerofabaceae
Natrarchaeobaculum,Halobacteria,Halobacteriales,Natrialbaceae
Natrialba,Halobacteria,Halobacteriales,Natrialbaceae
Natribaculum,Halobacteria,Halobacteriales,Natrialbaceae
Natrinema,Halobacteria,Halobacteriales,Natrialbaceae
Natroniella,Clostridia,Halanaerobiales,Halobacteroidaceae
Natronobacterium,Halobacteria,Halobacteriales,Natrialbaceae
Natronobeatus,Halobacteria,Halobacteriales,Natrialbaceae
Natronococcus,Halobacteria,Halobacteriales,Natrialbaceae
Natronoglycomyces,Actinomycetes,Glycomycetales,Glycomycetaceae
Natronomonas,Halobacteria,Halobacteriales,Haloarculaceae
Natrononativus,Halobacteria,Halobacteriales,Natrialbaceae
Natronorarus,Halobacteria,Halobacteriales,Halalkalicoccaceae
Natronorubrum,Halobacteria,Halobacteriales,Natrialbaceae
Natronosalvus,Halobacteria,Halobacteriales,Natrialbaceae
Natronosporangium,Actinomycetes,Micromonosporales,Micromonosporaceae
Naumannella,Actinomycetes,Propionibacteriales,Propionibacteriaceae
Nautilia,Epsilonproteobacteria,Nautiliales,Nautiliaceae
Ndongobacter,Unknown,Unknown,Unknown
Neisseria,Betaproteobacteria,Neisseriales,Neisseriaceae
Neoasaia,Alphaproteobacteria,Acetobacterales,Acetobacteraceae
Neobacillus,Bacilli,Bacillales,Bacillaceae
Neochlamydia,Chlamydiia,Parachlamydiales,Parachlamydiaceae
Neokomagataea,Alphaproteobacteria,Acetobacterales,Acetobacteraceae
Neomicrococcus,Actinomycetes,Micrococcales,Micrococcaceae
Neomoorella,Clostridia,Neomorellales,Neomoorellaceae
Neopusillimonas,Betaproteobacteria,Burkholderiales,Alcaligenaceae
Neorhizobium,Alphaproteobacteria,Hyphomicrobiales,Rhizobiaceae
Neorickettsia,Alphaproteobacteria,Rickettsiales,Anaplasmataceae
Neotabrizicola,Alphaproteobacteria,Rhodobacterales,Paracoccaceae
Neptunicella,Gammaproteobacteria,Alteromonadales,Alteromonadaceae
Neptuniibacter,Gammaproteobacteria,Oceanospirillales,Oceanospirillaceae
Neptunomonas,Gammaproteobacteria,Oceanospirillales,Oceanospirillaceae
Nereida,Alphaproteobacteria,Rhodobacterales,Roseobacteraceae
Nesterenkonia,Actinomycetes,Micrococcales,Micrococcaceae
Nguyenibacter,Alphaproteobacteria,Acetobacterales,Acetobacteraceae
Niabella,Chitinophagia,Chitinophagales,Chitinophagaceae
Niallia,Bacilli,Bacillales,Bacillaceae
Niastella,Chitinophagia,Chitinophagales,Chitinophagaceae
Nibribacter,Cytophagia,Cytophagales,Hymenobacteraceae
Nibricoccus,Opitutia,Opitutales,Opitutaceae
Nicoliella,Bacilli,Lactobacillales,Lactobacillaceae
Ningiella,Gammaproteobacteria,Alteromonadales,Alteromonadaceae
Nisaea,Alphaproteobacteria,Rhodospirillales,Thalassobaculaceae
Nitratidesulfovibrio,Desulfovibrionia,Desulfovibrionales,Desulfovibrionaceae
Nitratifractor,Epsilonproteobacteria,Campylobacterales,Sulfurovaceae
Nitratireductor,Alphaproteobacteria,Hyphomicrobiales,Phyllobacteriaceae
Nitratiruptor,Epsilonproteobacteria,Nautiliales,Nitratiruptoraceae
Nitrincola,Gammaproteobacteria,Oceanospirillales,Oceanospirillaceae
Nitrobacter,Alphaproteobacteria,Hyphomicrobiales,Nitrobacteraceae
Nitrogeniibacter,Betaproteobacteria,Rhodocyclales,Zoogloeaceae
Nitrosarchaeum,Nitrososphaeria,Nitrosopumilales,Nitrosopumilaceae
Nitrosococcus,Gammaproteobacteria,Chromatiales,Chromatiaceae
Nitrosomonas,Betaproteobacteria,Nitrosomonadales,Nitrosomonadaceae
Nitrosophilus,Epsilonproteobacteria,Nautiliales,Nitratiruptoraceae
Nitrosopumilus,Nitrososphaeria,Nitrosopumilales,Nitrosopumilaceae
Nitrososphaera,Nitrososphaeria,Nitrososphaerales,Nitrososphaeraceae
Nitrosospira,Betaproteobacteria,Nitrosomonadales,Nitrosomonadaceae
Nitrospina,Nitrospinia,Nitrospinales,Nitrospinaceae
Nitrospira,Nitrospiria,Nitrospirales,Nitrospiraceae
Nitrospirillum,Alphaproteobacteria,Rhodospirillales,Azospirillaceae
Niveibacterium,Betaproteobacteria,Rhodocyclales,Rhodocyclaceae
Niveispirillum,Alphaproteobacteria,Rhodospirillales,Azospirillaceae
Nocardia,Actinomycetes,Mycobacteriales,Nocardiaceae
Nocardioides,Actinomycetes,Propionibacteriales,Nocardioidaceae
Nocardiopsis,Actinomycetes,Streptosporangiales,Nocardiopsidaceae
Nodularia,Cyanophyceae,Nostocales,Nodulariaceae
Nonlabens,Flavobacteriia,Flavobacteriales,Flavobacteriaceae
Nonomuraea,Actinomycetes,Streptosporangiales,Streptosporangiaceae
Nordella,Alphaproteobacteria,Hyphomicrobiales,Unknown
Nosocomiicoccus,Bacilli,Bacillales,Staphylococcaceae
Nostoc,Cyanophyceae,Nostocales,Nostocaceae
Nostocoides,Actinomycetes,Micrococcales,Intrasporangiaceae
Novacetimonas,Alphaproteobacteria,Acetobacterales,Acetobacteraceae
Novibacillus,Bacilli,Bacillales,Thermoactinomycetaceae
Noviherbaspirillum,Betaproteobacteria,Burkholderiales,Oxalobacteraceae
Noviluteimonas,Gammaproteobacteria,Lysobacterales,Lysobacteraceae
Novilysobacter,Gammaproteobacteria,Lysobacterales,Lysobacteraceae
Novisyntrophococcus,Clostridia,Lachnospirales,Lachnospiraceae
Novosphingobium,Alphaproteobacteria,Sphingomonadales,Sphingomonadaceae
Novosphingopyxis,Alphaproteobacteria,Sphingomonadales,Sphingomonadaceae
Obesumbacterium,Gammaproteobacteria,Enterobacterales,Hafniaceae
Occallatibacter,Terriglobia,Terriglobales,Acidobacteriaceae
Occultella,Actinomycetes,Micrococcales,Ruaniaceae
Oceanicaulis,Alphaproteobacteria,Maricaulales,Maricaulaceae
Oceanicoccus,Gammaproteobacteria,Cellvibrionales,Spongiibacteraceae
Oceanicola,Alphaproteobacteria,Rhodobacterales,Roseobacteraceae
Oceanidesulfovibrio,Desulfovibrionia,Desulfovibrionales,Desulfovibrionaceae
Oceanihabitans,Flavobacteriia,Flavobacteriales,Flavobacteriaceae
Oceanimonas,Gammaproteobacteria,Aeromonadales,Aeromonadaceae
Oceaniradius,Alphaproteobacteria,Hyphomicrobiales,Ahrensiaceae
Oceanirhabdus,Clostridia,Eubacteriales,Clostridiaceae
Oceanisphaera,Gammaproteobacteria,Aeromonadales,Aeromonadaceae
Oceanispirochaeta,Spirochaetia,Spirochaetales,Spirochaetaceae
Oceanithermus,Deinococci,Thermales,Thermaceae
Oceanobacillus,Bacilli,Bacillales,Bacillaceae
Oceanotoga,Thermotogae,Petrotogales,Petrotogaceae
Ochrobactrum,Alphaproteobacteria,Hyphomicrobiales,Brucellaceae
Octadecabacter,Alphaproteobacteria,Rhodobacterales,Roseobacteraceae
Odoribacter,Bacteroidia,Bacteroidales,Odoribacteraceae
Oecophyllibacter,Alphaproteobacteria,Acetobacterales,Acetobacteraceae
Oenococcus,Bacilli,Lactobacillales,Lactobacillaceae
Oerskovia,Actinomycetes,Micrococcales,Cellulomonadaceae
Okeanomitos,Cyanophyceae,Nostocales,Aphanizomenonaceae
Oleidesulfovibrio,Desulfovibrionia,Desulfovibrionales,Desulfovibrionaceae
Oleiharenicola,Opitutia,Opitutales,Opitutaceae
Oleiphilus,Gammaproteobacteria,Oceanospirillales,Oleiphilaceae
Oligella,Betaproteobacteria,Burkholderiales,Alcaligenaceae
Olivibacter,Sphingobacteriia,Sphingobacteriales,Sphingobacteriaceae
Olleya,Flavobacteriia,Flavobacteriales,Flavobacteriaceae
Olsenella,Coriobacteriia,Coriobacteriales,Atopobiaceae
Opacimonas,Gammaproteobacteria,Alteromonadales,Alteromonadaceae
Opitutus,Opitutia,Opitutales,Opitutaceae
Orbus,Gammaproteobacteria,Orbales,Orbaceae
Oricola,Alphaproteobacteria,Hyphomicrobiales,Ahrensiaceae
Orientia,Alphaproteobacteria,Rickettsiales,Rickettsiaceae
Ornithinibacillus,Bacilli,Bacillales,Bacillaceae
Ornithinimicrobium,Actinomycetes,Micrococcales,Ornithinimicrobiaceae
Ornithobacterium,Flavobacteriia,Flavobacteriales,Weeksellaceae
Orrella,Betaproteobacteria,Burkholderiales,Alcaligenaceae
Oryzisolibacter,Betaproteobacteria,Burkholderiales,Comamonadaceae
Oryzobacter,Actinomycetes,Micrococcales,Intrasporangiaceae
Oryzomicrobium,Betaproteobacteria,Rhodocyclales,Rhodocyclaceae
Oscillatoria,Cyanophyceae,Oscillatoriales,Oscillatoriaceae
Oscillibacter,Clostridia,Eubacteriales,Oscillospiraceae
Otariodibacter,Gammaproteobacteria,Pasteurellales,Pasteurellaceae
Ottowia,Betaproteobacteria,Burkholderiales,Comamonadaceae
Owariibacterium,Clostridia,Eubacteriales,Oscillospiraceae
Owenweeksia,Flavobacteriia,Flavobacteriales,Owenweeksiaceae
Oxalobacter,Betaproteobacteria,Burkholderiales,Oxalobacteraceae
Oxynema,Cyanophyceae,Oscillatoriales,Oscillatoriaceae
Oxyplasma,Thermoplasmata,Thermoplasmatales,Thermoplasmataceae
Pacificitalea,Alphaproteobacteria,Rhodobacterales,Paracoccaceae
Paenacidovorax,Betaproteobacteria,Burkholderiales,Comamonadaceae
Paenalcaligenes,Betaproteobacteria,Burkholderiales,Alcaligenaceae
Paenalkalicoccus,Bacilli,Bacillales,Bacillaceae
Paenarthrobacter,Actinomycetes,Micrococcales,Micrococcaceae
Paenibacillus,Bacilli,Bacillales,Paenibacillaceae
Paeniglutamicibacter,Actinomycetes,Micrococcales,Micrococcaceae
Paenimyroides,Flavobacteriia,Flavobacteriales,Flavobacteriaceae
Paenisporosarcina,Bacilli,Bacillales,Caryophanaceae
Palaeococcus,Thermococci,Thermococcales,Thermococcaceae
Palleronia,Alphaproteobacteria,Rhodobacterales,Roseobacteraceae
Paludibacter,Bacteroidia,Bacteroidales,Paludibacteraceae
Paludibacterium,Betaproteobacteria,Neisseriales,Chromobacteriaceae
Paludibaculum,Terriglobia,Bryobacterales,Bryobacteraceae
Paludihabitans,Clostridia,Eubacteriales,Oscillospiraceae
Paludisphaera,Planctomycetia,Isosphaerales,Isosphaeraceae
Panacibacter,Chitinophagia,Chitinophagales,Chitinophagaceae
Pandoraea,Betaproteobacteria,Burkholderiales,Burkholderiaceae
Pannonibacter,Alphaproteobacteria,Hyphomicrobiales,Stappiaceae
Pantoea,Gammaproteobacteria,Enterobacterales,Erwiniaceae
Parabacteroides,Bacteroidia,Bacteroidales,Tannerellaceae
Parablastomonas,Alphaproteobacteria,Sphingomonadales,Sphingomonadaceae
Paraburkholderia,Betaproteobacteria,Burkholderiales,Burkholderiaceae
Parachlamydia,Chlamydiia,Parachlamydiales,Parachlamydiaceae
Paracholeplasma,Mollicutes,Acholeplasmatales,Acholeplasmataceae
Paracidovorax,Betaproteobacteria,Burkholderiales,Comamonadaceae
Paraclostridium,Clostridia,Peptostreptococcales,Peptostreptococcaceae
Paracoccus,Alphaproteobacteria,Rhodobacterales,Paracoccaceae
Paraconexibacter,Thermoleophilia,Solirubrobacterales,Paraconexibacteraceae
Paracrocinitomix,Flavobacteriia,Flavobacteriales,Crocinitomicaceae
Paradevosia,Alphaproteobacteria,Hyphomicrobiales,Devosiaceae
Paraflavitalea,Chitinophagia,Chitinophagales,Chitinophagaceae
Parafrankia,Actinomycetes,Frankiales,Frankiaceae
Paragemmobacter,Alphaproteobacteria,Rhodobacterales,Paracoccaceae
Parageobacillus,Bacilli,Bacillales,Anoxybacillaceae
Paraglaciecola,Gammaproteobacteria,Alteromonadales,Alteromonadaceae
Paralcaligenes,Betaproteobacteria,Burkholderiales,Alcaligenaceae
Paraliobacillus,Bacilli,Bacillales,Bacillaceae
Paralysiella,Betaproteobacteria,Neisseriales,Neisseriaceae
Paramagnetospirillum,Alphaproteobacteria,Rhodospirillales,Magnetospirillaceae
Paramicrobacterium,Actinomycetes,Micrococcales,Microbacteriaceae
Paramixta,Gammaproteobacteria,Enterobacterales,Erwiniaceae
Paramuribaculum,Bacteroidia,Bacteroidales,Muribaculaceae
Paraneptunicella,Gammaproteobacteria,Alteromonadales,Alteromonadaceae
Paraoerskovia,Actinomycetes,Micrococcales,Cellulomonadaceae
Paraphotobacterium,Gammaproteobacteria,Vibrionales,Vibrionaceae
Paraprevotella,Bacteroidia,Bacteroidales,Prevotellaceae
Pararhizobium,Alphaproteobacteria,Hyphomicrobiales,Rhizobiaceae
Pararhodospirillum,Alphaproteobacteria,Rhodospirillales,Rhodospirillaceae
Pararobbsia,Betaproteobacteria,Burkholderiales,Burkholderiaceae
Pararoseomonas,Alphaproteobacteria,Acetobacterales,Acetobacteraceae
Parasaccharibacter,Alphaproteobacteria,Acetobacterales,Acetobacteraceae
Parascardovia,Actinomycetes,Bifidobacteriales,Bifidobacteriaceae
Parasedimentitalea,Alphaproteobacteria,Rhodobacterales,Paracoccaceae
Parashewanella,Gammaproteobacteria,Alteromonadales,Shewanellaceae
Parasphaerochaeta,Spirochaetia,Spirochaetales,Sphaerochaetaceae
Parasphingopyxis,Alphaproteobacteria,Sphingomonadales,Sphingomonadaceae
Parasphingorhabdus,Alphaproteobacteria,Sphingomonadales,Sphingomonadaceae
Parasynechococcus,Cyanophyceae,Synechococcales,Prochlorococcaceae
Parathermosynechococcus,Cyanophyceae,Acaryochloridales,Thermosynechococcaceae
Paraurantiacibacter,Alphaproteobacteria,Sphingomonadales,Erythrobacteraceae
Parazoarcus,Betaproteobacteria,Rhodocyclales,Zoogloeaceae
Paremcibacter,Alphaproteobacteria,Emcibacterales,Emcibacteraceae
Paroceanicella,Alphaproteobacteria,Rhodobacterales,Paracoccaceae
Parolsenella,Coriobacteriia,Coriobacteriales,Atopobiaceae
Parvibaculum,Alphaproteobacteria,Hyphomicrobiales,Parvibaculaceae
Parvicella,Flavobacteriia,Flavobacteriales,Parvicellaceae
Parvimonas,Tissierellia,Tissierellales,Peptoniphilaceae
Parvularcula,Alphaproteobacteria,Parvularculales,Parvularculaceae
Pasteurella,Gammaproteobacteria,Pasteurellales,Pasteurellaceae
Patiriisocius,Flavobacteriia,Flavobacteriales,Flavobacteriaceae
Paucilactobacillus,Bacilli,Lactobacillales,Lactobacillaceae
Pectinatus,Negativicutes,Selenomonadales,Selenomonadaceae
Pectobacterium,Gammaproteobacteria,Enterobacterales,Pectobacteriaceae
Pediococcus,Bacilli,Lactobacillales,Lactobacillaceae
Pedobacter,Sphingobacteriia,Sphingobacteriales,Sphingobacteriaceae
Pedococcus,Actinomycetes,Micrococcales,Intrasporangiaceae
Pelagerythrobacter,Alphaproteobacteria,Sphingomonadales,Erythrobacteraceae
Pelagibacterium,Alphaproteobacteria,Hyphomicrobiales,Devosiaceae
Pelagovum,Alphaproteobacteria,Rhodobacterales,Paracoccaceae
Pelistega,Betaproteobacteria,Burkholderiales,Alcaligenaceae
Pelobacter,Desulfuromonadia,Desulfuromonadales,Desulfuromonadaceae
Pelodictyon,Chlorobiia,Chlorobiales,Chlorobiaceae
Pelolinea,Anaerolineae,Anaerolineales,Anaerolineaceae
Pelosinus,Negativicutes,Selenomonadales,Sporomusaceae
Pendulispora,Myxococcia,Myxococcales,Pendulisporaceae
Pengzhenrongella,Actinomycetes,Micrococcales,Unknown
Peptacetobacter,Clostridia,Peptostreptococcales,Peptostreptococcaceae
Peptoclostridium,Clostridia,Peptostreptococcales,Peptoclostridiaceae
Peptoniphilus,Tissierellia,Tissierellales,Peptoniphilaceae
Peptostreptococcus,Clostridia,Peptostreptococcales,Peptostreptococcaceae
Peredibacter,Bacteriovoracia,Bacteriovoracales,Bacteriovoracaceae
Peribacillus,Bacilli,Bacillales,Bacillaceae
Periweissella,Bacilli,Lactobacillales,Lactobacillaceae
Permianibacter,Gammaproteobacteria,Pseudomonadales,Pseudomonadaceae
Persephonella,Aquificia,Aquificales,Hydrogenothermaceae
Persicimonas,Deltaproteobacteria,Bradymonadales,Bradymonadaceae
Persicobacter,Cytophagia,Cytophagales,Persicobacteraceae
Peterkaempfera,Actinomycetes,Kitasatosporales,Streptomycetaceae
Peteryoungia,Alphaproteobacteria,Hyphomicrobiales,Rhizobiaceae
Petrimonas,Bacteroidia,Bacteroidales,Dysgonomonadaceae
Petrocella,Clostridia,Lachnospirales,Vallitaleaceae
Petroclostridium,Clostridia,Eubacteriales,Oscillospiraceae
Petrotoga,Thermotogae,Petrotogales,Petrotogaceae
Phaeobacter,Alphaproteobacteria,Rhodobacterales,Roseobacteraceae
Phascolarctobacterium,Negativicutes,Acidaminococcales,Acidaminococcaceae
Phenylobacterium,Alphaproteobacteria,Caulobacterales,Caulobacteraceae
Phnomibacter,Chitinophagia,Chitinophagales,Chitinophagaceae
Phocaeicola,Bacteroidia,Bacteroidales,Bacteroidaceae
Phocoenobacter,Gammaproteobacteria,Pasteurellales,Pasteurellaceae
Phoenicibacter,Coriobacteriia,Eggerthellales,Eggerthellaceae
Phormidium,Cyanophyceae,Oscillatoriales,Oscillatoriaceae
Phosphitispora,Clostridia,Eubacteriales,Peptococcaceae
Photobacterium,Gammaproteobacteria,Vibrionales,Vibrionaceae
Photorhabdus,Gammaproteobacteria,Enterobacterales,Morganellaceae
Phototrophicus,Candidatus Thermofonsia,Phototrophicales,Phototrophicaceae
Phreatobacter,Alphaproteobacteria,Hyphomicrobiales,Phreatobacteraceae
Phycicoccus,Actinomycetes,Micrococcales,Intrasporangiaceae
Phycisphaera,Phycisphaerae,Phycisphaerales,Phycisphaeraceae
Phyllobacterium,Alphaproteobacteria,Hyphomicrobiales,Phyllobacteriaceae
Phytobacter,Gammaproteobacteria,Enterobacterales,Enterobacteriaceae
Phytohabitans,Actinomycetes,Micromonosporales,Micromonosporaceae
Phytopseudomonas,Gammaproteobacteria,Pseudomonadales,Pseudomonadaceae
Picosynechococcus,Cyanophyceae,Chroococcales,Geminocystaceae
Picrophilus,Thermoplasmata,Thermoplasmatales,Picrophilaceae
Pigmentibacter,Oligoflexia,Silvanigrellales,Silvanigrellaceae
Pigmentiphaga,Betaproteobacteria,Burkholderiales,Alcaligenaceae
Pikeienuella,Alphaproteobacteria,Rhodobacterales,Paracoccaceae
Pimelobacter,Actinomycetes,Propionibacteriales,Nocardioidaceae
Pirellula,Planctomycetia,Pirellulales,Pirellulaceae
Pirellulimonas,Planctomycetia,Pirellulales,Lacipirellulaceae
Piscinibacter,Betaproteobacteria,Burkholderiales,Sphaerotilaceae
Piscinibacterium,Betaproteobacteria,Burkholderiales,Unknown
Piscirickettsia,Gammaproteobacteria,Thiotrichales,Piscirickettsiaceae
Pistricoccus,Gammaproteobacteria,Oceanospirillales,Halomonadaceae
Planctellipticum,Planctomycetia,Planctomycetales,Planctomycetaceae
Planctobacterium,Gammaproteobacteria,Alteromonadales,Alteromonadaceae
Planctomyces,Planctomycetia,Planctomycetales,Planctomycetaceae
Planctopirus,Planctomycetia,Planctomycetales,Planctomycetaceae
Planktomarina,Alphaproteobacteria,Rhodobacterales,Paracoccaceae
Planktothricoides,Cyanophyceae,Oscillatoriales,Oscillatoriaceae
Planktothrix,Cyanophyceae,Oscillatoriales,Microcoleaceae
Planococcus,Bacilli,Bacillales,Caryophanaceae
Plantactinospora,Actinomycetes,Micromonosporales,Micromonosporaceae
Plantibacter,Actinomycetes,Micrococcales,Microbacteriaceae
Pleionea,Gammaproteobacteria,Oceanospirillales,Pleioneaceae
Pleomorphomonas,Alphaproteobacteria,Hyphomicrobiales,Pleomorphomonadaceae
Plesiomonas,Gammaproteobacteria,Enterobacterales,Enterobacteriaceae
Pleurocapsa,Cyanophyceae,Pleurocapsales,Hyellaceae
Pluralibacter,Gammaproteobacteria,Enterobacterales,Enterobacteriaceae
Pokkaliibacter,Gammaproteobacteria,Oceanospirillales,Balneatrichaceae
Polaribacter,Flavobacteriia,Flavobacteriales,Flavobacteriaceae
Polaromonas,Betaproteobacteria,Burkholderiales,Comamonadaceae
Pollutimonas,Betaproteobacteria,Burkholderiales,Alcaligenaceae
Polyangium,Unknown,Polyangiales,Polyangiaceae
Polycladomyces,Bacilli,Bacillales,Thermoactinomycetaceae
Polymorphobacter,Alphaproteobacteria,Sphingomonadales,Sphingosinicellaceae
Polymorphospora,Actinomycetes,Micromonosporales,Micromonosporaceae
Polymorphum,Alphaproteobacteria,Rhodobacterales,Paracoccaceae
Polynucleobacter,Betaproteobacteria,Burkholderiales,Burkholderiaceae
Polystyrenella,Planctomycetia,Planctomycetales,Planctomycetaceae
Pontibacillus,Bacilli,Bacillales,Bacillaceae
Pontibacter,Cytophagia,Cytophagales,Hymenobacteraceae
Ponticoccus,Alphaproteobacteria,Rhodobacterales,Roseobacteraceae
Pontimicrobium,Flavobacteriia,Flavobacteriales,Flavobacteriaceae
Pontimonas,Actinomycetes,Micrococcales,Microbacteriaceae
Pontivivens,Alphaproteobacteria,Rhodobacterales,Paracoccaceae
Porifericola,Cytophagia,Cytophagales,Catalimonadaceae
Poriferisphaera,Phycisphaerae,Phycisphaerales,Phycisphaeraceae
Porphyrobacter,Alphaproteobacteria,Sphingomonadales,Erythrobacteraceae
Porphyromonas,Bacteroidia,Bacteroidales,Porphyromonadaceae
Porticoccus,Gammaproteobacteria,Cellvibrionales,Porticoccaceae
Poseidonibacter,Epsilonproteobacteria,Campylobacterales,Arcobacteraceae
Pradoshia,Bacilli,Bacillales,Bacillaceae
Pragia,Gammaproteobacteria,Enterobacterales,Budviciaceae
Prauserella,Actinomycetes,Pseudonocardiales,Pseudonocardiaceae
Prescottella,Actinomycetes,Mycobacteriales,Nocardiaceae
Prevotella,Bacteroidia,Bacteroidales,Prevotellaceae
Priestia,Bacilli,Bacillales,Bacillaceae
Prochlorococcus,Cyanophyceae,Synechococcales,Prochlorococcaceae
Prodigiosinella,Gammaproteobacteria,Enterobacterales,Pectobacteriaceae
Profundibacter,Alphaproteobacteria,Rhodobacterales,Paracoccaceae
Promethearchaeum,Promethearchaeia,Promethearchaeales,Promethearchaeaceae
Promicromonospora,Actinomycetes,Micrococcales,Promicromonosporaceae
Propionibacterium,Actinomycetes,Propionibacteriales,Propionibacteriaceae
Propioniciclava,Actinomycetes,Propionibacteriales,Propionibacteriaceae
Propionimicrobium,Actinomycetes,Propionibacteriales,Propionibacteriaceae
Prosthecochloris,Chlorobiia,Chlorobiales,Chlorobiaceae
Protaetiibacter,Actinomycetes,Micrococcales,Microbacteriaceae
Proteiniborus,Clostridia,Eubacteriales,Unknown
Proteiniclasticum,Clostridia,Eubacteriales,Clostridiaceae
Proteiniphilum,Bacteroidia,Bacteroidales,Dysgonomonadaceae
Proteinivorax,Clostridia,Eubacteriales,Proteinivoraceae
Proteus,Gammaproteobacteria,Enterobacterales,Morganellaceae
Protofrankia,Actinomycetes,Frankiales,Frankiaceae
Providencia,Gammaproteobacteria,Enterobacterales,Morganellaceae
Pseudactinotalea,Actinomycetes,Micrococcales,Cellulomonadaceae
Pseudaeromonas,Gammaproteobacteria,Aeromonadales,Aeromonadaceae
Pseudalgibacter,Flavobacteriia,Flavobacteriales,Flavobacteriaceae
Pseudalkalibacillus,Bacilli,Bacillales,Fictibacillaceae
Pseudanabaena,Cyanophyceae,Pseudanabaenales,Pseudanabaenaceae
Pseudarthrobacter,Actinomycetes,Micrococcales,Micrococcaceae
Pseudazoarcus,Betaproteobacteria,Rhodocyclales,Zoogloeaceae
Pseudemcibacter,Alphaproteobacteria,Emcibacterales,Emcibacteraceae
Pseudescherichia,Gammaproteobacteria,Enterobacterales,Enterobacteriaceae
Pseudidiomarina,Gammaproteobacteria,Alteromonadales,Idiomarinaceae
Pseudoalteromonas,Gammaproteobacteria,Alteromonadales,Pseudoalteromonadaceae
Pseudobacillus,Bacilli,Bacillales,Bacillaceae
Pseudobacter,Chitinophagia,Chitinophagales,Chitinophagaceae
Pseudobdellovibrio,Bdellovibrionia,Bdellovibrionales,Pseudobdellovibrionaceae
Pseudobutyrivibrio,Clostridia,Lachnospirales,Lachnospiraceae
Pseudochrobactrum,Alphaproteobacteria,Hyphomicrobiales,Brucellaceae
Pseudocitrobacter,Gammaproteobacteria,Enterobacterales,Enterobacteriaceae
Pseudocnuella,Chitinophagia,Chitinophagales,Chitinophagaceae
Pseudodesulfovibrio,Desulfovibrionia,Desulfovibrionales,Desulfovibrionaceae
Pseudoduganella,Betaproteobacteria,Burkholderiales,Oxalobacteraceae
Pseudoflavonifractor,Clostridia,Eubacteriales,Oscillospiraceae
Pseudofrankia,Actinomycetes,Frankiales,Frankiaceae
Pseudogemmatithrix,Gemmatimonadia,Gemmatimonadales,Gemmatimonadaceae
Pseudogemmobacter,Alphaproteobacteria,Rhodobacterales,Paracoccaceae
Pseudoglutamicibacter,Actinomycetes,Micrococcales,Micrococcaceae
Pseudogulbenkiania,Betaproteobacteria,Neisseriales,Chromobacteriaceae
Pseudohongiella,Gammaproteobacteria,Pseudomonadales,Pseudohongiellaceae
Pseudolabrys,Alphaproteobacteria,Hyphomicrobiales,Xanthobacteraceae
Pseudoleptotrichia,Fusobacteriia,Fusobacteriales,Leptotrichiaceae
Pseudolysobacter,Gammaproteobacteria,Lysobacterales,Lysobacteraceae
Pseudomonas,Gammaproteobacteria,Pseudomonadales,Pseudomonadaceae
Pseudonocardia,Actinomycetes,Pseudonocardiales,Pseudonocardiaceae
Pseudooceanicola,Alphaproteobacteria,Rhodobacterales,Paracoccaceae
Pseudopedobacter,Sphingobacteriia,Sphingobacteriales,Sphingobacteriaceae
Pseudophaeobacter,Alphaproteobacteria,Rhodobacterales,Paracoccaceae
Pseudoprevotella,Bacteroidia,Bacteroidales,Prevotellaceae
Pseudorhizobium,Alphaproteobacteria,Hyphomicrobiales,Rhizobiaceae
Pseudorhodobacter,Alphaproteobacteria,Rhodobacterales,Paracoccaceae
Pseudorhodoplanes,Alphaproteobacteria,Hyphomicrobiales,Unknown
Pseudoroseicyclus,Alphaproteobacteria,Rhodobacterales,Paracoccaceae
Pseudosulfitobacter,Alphaproteobacteria,Rhodobacterales,Roseobacteraceae
Pseudotamlana,Flavobacteriia,Flavobacteriales,Flavobacteriaceae
Pseudothauera,Betaproteobacteria,Rhodocyclales,Zoogloeaceae
Pseudothermotoga,Thermotogae,Thermotogales,Thermotogaceae
Pseudoxanthomonas,Gammaproteobacteria,Lysobacterales,Lysobacteraceae
Psychrobacillus,Bacilli,Bacillales,Bacillaceae
Psychrobacter,Gammaproteobacteria,Moraxellales,Moraxellaceae
Psychroflexus,Flavobacteriia,Flavobacteriales,Flavobacteriaceae
Psychromicrobium,Actinomycetes,Micrococcales,Micrococcaceae
Psychromonas,Gammaproteobacteria,Alteromonadales,Psychromonadaceae
Psychroserpens,Flavobacteriia,Flavobacteriales,Flavobacteriaceae
Psychrosphaera,Gammaproteobacteria,Alteromonadales,Pseudoalteromonadaceae
Pukyongia,Flavobacteriia,Flavobacteriales,Flavobacteriaceae
Pukyongiella,Alphaproteobacteria,Rhodobacterales,Paracoccaceae
Pullulanibacillus,Bacilli,Bacillales,Sporolactobacillaceae
Pulveribacter,Betaproteobacteria,Burkholderiales,Comamonadaceae
Pusillibacter,Clostridia,Eubacteriales,Oscillospiraceae
Pusillimonas,Betaproteobacteria,Burkholderiales,Alcaligenaceae
Pyramidobacter,Synergistia,Synergistales,Dethiosulfovibrionaceae
Pyrobaculum,Thermoprotei,Thermoproteales,Thermoproteaceae
Pyrococcus,Thermococci,Thermococcales,Thermococcaceae
Pyrodictium,Thermoprotei,Desulfurococcales,Pyrodictiaceae
Pyrofollis,Thermoprotei,Desulfurococcales,Pyrodictiaceae
Pyrolobus,Thermoprotei,Desulfurococcales,Pyrodictiaceae
Pyruvatibacter,Alphaproteobacteria,Hyphomicrobiales,Parvibaculaceae
Qiania,Clostridia,Lachnospirales,Lachnospiraceae
Qingshengfaniella,Alphaproteobacteria,Rhodobacterales,Paracoccaceae
Qipengyuania,Alphaproteobacteria,Sphingomonadales,Erythrobacteraceae
Quatrionicoccus,Betaproteobacteria,Rhodocyclales,Azonexaceae
Radiobacillus,Bacilli,Bacillales,Bacillaceae
Rahnella,Gammaproteobacteria,Enterobacterales,Yersiniaceae
Raineyella,Actinomycetes,Propionibacteriales,Propionibacteriaceae
Ralstonia,Betaproteobacteria,Burkholderiales,Burkholderiaceae
Ramlibacter,Betaproteobacteria,Burkholderiales,Comamonadaceae
Raoultella,Gammaproteobacteria,Enterobacterales,Enterobacteriaceae
Raoultibacter,Coriobacteriia,Eggerthellales,Eggerthellaceae
Rasiella,Flavobacteriia,Flavobacteriales,Flavobacteriaceae
Rathayibacter,Actinomycetes,Micrococcales,Microbacteriaceae
Reichenbachiella,Cytophagia,Cytophagales,Reichenbachiellaceae
Reinekea,Gammaproteobacteria,Oceanospirillales,Saccharospirillaceae
Renibacterium,Actinomycetes,Micrococcales,Micrococcaceae
Rheinheimera,Gammaproteobacteria,Chromatiales,Chromatiaceae
Rhizobium,Alphaproteobacteria,Hyphomicrobiales,Rhizobiaceae
Rhizorhabdus,Alphaproteobacteria,Sphingomonadales,Sphingomonadaceae
Rhizosphaericola,Chitinophagia,Chitinophagales,Chitinophagaceae
Rhodanobacter,Gammaproteobacteria,Lysobacterales,Rhodanobacteraceae
Rhodobacter,Alphaproteobacteria,Rhodobacterales,Unknown
Rhodococcoides,Actinomycetes,Mycobacteriales,Nocardiaceae
Rhodococcus,Actinomycetes,Mycobacteriales,Nocardiaceae
Rhodocytophaga,Cytophagia,Cytophagales,Rhodocytophagaceae
Rhodoferax,Betaproteobacteria,Burkholderiales,Comamonadaceae
Rhodoligotrophos,Alphaproteobacteria,Hyphomicrobiales,Rhodoligotrophaceae
Rhodoluna,Actinomycetes,Micrococcales,Microbacteriaceae
Rhodomicrobium,Alphaproteobacteria,Hyphomicrobiales,Hyphomicrobiaceae
Rhodophyticola,Alphaproteobacteria,Rhodobacterales,Paracoccaceae
Rhodopirellula,Planctomycetia,Pirellulales,Pirellulaceae
Rhodoplanes,Alphaproteobacteria,Hyphomicrobiales,Hyphomicrobiaceae
Rhodopseudomonas,Alphaproteobacteria,Hyphomicrobiales,Nitrobacteraceae
Rhodospirillum,Alphaproteobacteria,Rhodospirillales,Rhodospirillaceae
Rhodothermus,Rhodothermia,Rhodothermales,Rhodothermaceae
Rhodovastum,Alphaproteobacteria,Acetobacterales,Acetobacteraceae
Rhodovulum,Alphaproteobacteria,Rhodobacterales,Paracoccaceae
Richelia,Cyanophyceae,Nostocales,Nostocaceae
Rickettsia,Alphaproteobacteria,Rickettsiales,Rickettsiaceae
Rickettsiella,Gammaproteobacteria,Legionellales,Coxiellaceae
Riemerella,Flavobacteriia,Flavobacteriales,Weeksellaceae
Rippkaea,Cyanophyceae,Chroococcales,Aphanothecaceae
Rivularia,Cyanophyceae,Nostocales,Rivulariaceae
Robbsia,Betaproteobacteria,Burkholderiales,Burkholderiaceae
Robiginitalea,Flavobacteriia,Flavobacteriales,Flavobacteriaceae
Rodentibacter,Gammaproteobacteria,Pasteurellales,Pasteurellaceae
Rohdeia,Planctomycetia,Unknown,Unknown
Romboutsia,Clostridia,Peptostreptococcales,Peptostreptococcaceae
Roseateles,Betaproteobacteria,Burkholderiales,Sphaerotilaceae
Roseburia,Clostridia,Lachnospirales,Lachnospiraceae
Roseibacillus,Verrucomicrobiia,Verrucomicrobiales,Verrucomicrobiaceae
Roseibium,Alphaproteobacteria,Hyphomicrobiales,Stappiaceae
Roseicitreum,Alphaproteobacteria,Rhodobacterales,Paracoccaceae
Roseicyclus,Alphaproteobacteria,Rhodobacterales,Roseobacteraceae
Roseiflexus,Chloroflexia,Chloroflexales,Roseiflexaceae
Roseimaritima,Planctomycetia,Pirellulales,Pirellulaceae
Roseimicrobium,Verrucomicrobiia,Verrucomicrobiales,Verrucomicrobiaceae
Roseinatronobacter,Alphaproteobacteria,Rhodobacterales,Paracoccaceae
Roseitalea,Alphaproteobacteria,Hyphomicrobiales,Ahrensiaceae
Roseivirga,Cytophagia,Cytophagales,Roseivirgaceae
Roseivivax,Alphaproteobacteria,Rhodobacterales,Roseobacteraceae
Roseobacter,Alphaproteobacteria,Rhodobacterales,Roseobacteraceae
Roseococcus,Alphaproteobacteria,Acetobacterales,Roseomonadaceae
Roseomonas,Alphaproteobacteria,Acetobacterales,Roseomonadaceae
Roseovarius,Alphaproteobacteria,Rhodobacterales,Roseobacteraceae
Rosistilla,Planctomycetia,Pirellulales,Pirellulaceae
Rossellomorea,Bacilli,Bacillales,Bacillaceae
Rothia,Actinomycetes,Micrococcales,Micrococcaceae
Rouxiella,Gammaproteobacteria,Enterobacterales,Yersiniaceae
Ruania,Actinomycetes,Micrococcales,Ruaniaceae
Rubellicoccus,Opitutia,Puniceicoccales,Cerasicoccaceae
Rubinisphaera,Planctomycetia,Planctomycetales,Planctomycetaceae
Rubripirellula,Planctomycetia,Pirellulales,Pirellulaceae
Rubrivirga,Rhodothermia,Rhodothermales,Rubricoccaceae
Rubrivivax,Betaproteobacteria,Burkholderiales,Sphaerotilaceae
Rubrobacter,Rubrobacteria,Rubrobacterales,Rubrobacteraceae
Ruegeria,Alphaproteobacteria,Rhodobacterales,Roseobacteraceae
Rufibacter,Cytophagia,Cytophagales,Hymenobacteraceae
Ruficoccus,Opitutia,Puniceicoccales,Cerasicoccaceae
Rugamonas,Betaproteobacteria,Burkholderiales,Oxalobacteraceae
Rugosibacter,Betaproteobacteria,Nitrosomonadales,Sterolibacteriaceae
Ruicaihuangia,Actinomycetes,Micrococcales,Microbacteriaceae
Ruminiclostridium,Clostridia,Eubacteriales,Oscillospiraceae
Ruminococcus,Clostridia,Eubacteriales,Oscillospiraceae
Rummeliibacillus,Bacilli,Bacillales,Caryophanaceae
Runella,Cytophagia,Cytophagales,Spirosomataceae
Ruoffia,Bacilli,Lactobacillales,Aerococcaceae
Ruthenibacterium,Clostridia,Eubacteriales,Oscillospiraceae
Saccharibacillus,Bacilli,Bacillales,Paenibacillaceae
Saccharobesus,Gammaproteobacteria,Alteromonadales,Alteromonadaceae
Saccharococcus,Bacilli,Bacillales,Anoxybacillaceae
Saccharolobus,Thermoprotei,Sulfolobales,Sulfolobaceae
Saccharomonospora,Actinomycetes,Pseudonocardiales,Pseudonocardiaceae
Saccharophagus,Gammaproteobacteria,Cellvibrionales,Cellvibrionaceae
Saccharopolyspora,Actinomycetes,Pseudonocardiales,Pseudonocardiaceae
Saccharospirillum,Gammaproteobacteria,Oceanospirillales,Saccharospirillaceae
Saccharothrix,Actinomycetes,Pseudonocardiales,Pseudonocardiaceae
Sagittula,Alphaproteobacteria,Rhodobacterales,Roseobacteraceae
Salaquimonas,Alphaproteobacteria,Hyphomicrobiales,Salaquimonadaceae
Salarchaeum,Halobacteria,Halobacteriales,Halobacteriaceae
Salegentibacter,Flavobacteriia,Flavobacteriales,Flavobacteriaceae
Salicibibacter,Bacilli,Bacillales,Bacillaceae
Salidesulfovibrio,Desulfovibrionia,Desulfovibrionales,Desulfovibrionaceae
Salimicrobium,Bacilli,Bacillales,Bacillaceae
Salinarchaeum,Halobacteria,Halobacteriales,Natronoarchaeaceae
Salinibacter,Rhodothermia,Rhodothermales,Salinibacteraceae
Salinibacterium,Actinomycetes,Micrococcales,Microbacteriaceae
Salinibaculum,Halobacteria,Halobacteriales,Haloarculaceae
Salinicoccus,Bacilli,Bacillales,Staphylococcaceae
Salinicola,Gammaproteobacteria,Oceanospirillales,Halomonadaceae
Salinigranum,Halobacteria,Halobacteriales,Haloferacaceae
Salinilacihabitans,Halobacteria,Halobacteriales,Natrialbaceae
Salinimicrobium,Flavobacteriia,Flavobacteriales,Flavobacteriaceae
Salinimonas,Gammaproteobacteria,Alteromonadales,Alteromonadaceae
Saliniradius,Gammaproteobacteria,Alteromonadales,Alteromonadaceae
Salinirubellus,Halobacteria,Halobacteriales,Haloarculaceae
Salinisphaera,Gammaproteobacteria,Salinisphaerales,Salinisphaeraceae
Salinispira,Spirochaetia,Spirochaetales,Spirochaetaceae
Salinispirillum,Gammaproteobacteria,Oceanospirillales,Saccharospirillaceae
Salinispora,Actinomycetes,Micromonosporales,Micromonosporaceae
Salinivibrio,Gammaproteobacteria,Vibrionales,Vibrionaceae
Salinivirga,Bacteroidia,Bacteroidales,Salinivirgaceae
Salipaludibacillus,Bacilli,Bacillales,Bacillaceae
Salipiger,Alphaproteobacteria,Rhodobacterales,Roseobacteraceae
Salisediminibacterium,Bacilli,Bacillales,Bacillaceae
Salmonella,Gammaproteobacteria,Enterobacterales,Enterobacteriaceae
Saltatorellus,Planctomycetia,Unknown,Unknown
Sandaracinobacteroides,Alphaproteobacteria,Sphingomonadales,Sphingosinicellaceae
Sandaracinus,Unknown,Polyangiales,Sandaracinaceae
Sanguibacter,Actinomycetes,Micrococcales,Sanguibacteraceae
Sanyastnella,Flavobacteriia,Flavobacteriales,Sanyastnellaceae
Saprospira,Saprospiria,Saprospirales,Saprospiraceae
Sarcina,Clostridia,Eubacteriales,Clostridiaceae
Saxibacter,Actinomycetes,Micrococcales,Brevibacteriaceae
Scandinavium,Gammaproteobacteria,Enterobacterales,Enterobacteriaceae
Scardovia,Actinomycetes,Bifidobacteriales,Bifidobacteriaceae
Schaalia,Actinomycetes,Actinomycetales,Actinomycetaceae
Schleiferilactobacillus,Bacilli,Lactobacillales,Lactobacillaceae
Schlesneria,Planctomycetia,Planctomycetales,Planctomycetaceae
Scrofimicrobium,Actinomycetes,Actinomycetales,Actinomycetaceae
Sebaldella,Fusobacteriia,Fusobacteriales,Leptotrichiaceae
Secundilactobacillus,Bacilli,Lactobacillales,Lactobacillaceae
Sedimentibacter,Tissierellia,Unknown,Unknown
Sedimenticola,Gammaproteobacteria,Chromatiales,Sedimenticolaceae
Sedimentisphaera,Phycisphaerae,Sedimentisphaerales,Sedimentisphaeraceae
Sediminibacillus,Bacilli,Bacillales,Bacillaceae
Sediminibacterium,Chitinophagia,Chitinophagales,Chitinophagaceae
Sediminicoccus,Alphaproteobacteria,Acetobacterales,Roseomonadaceae
Sediminicola,Flavobacteriia,Flavobacteriales,Flavobacteriaceae
Sediminispirochaeta,Spirochaetia,Spirochaetales,Spirochaetaceae
Segatella,Bacteroidia,Bacteroidales,Prevotellaceae
Segniliparus,Actinomycetes,Mycobacteriales,Segniliparaceae
Selenobaculum,Negativicutes,Selenomonadales,Selenomonadaceae
Selenomonas,Negativicutes,Selenomonadales,Selenomonadaceae
Sellimonas,Clostridia,Lachnospirales,Lachnospiraceae
Seohaeicola,Alphaproteobacteria,Rhodobacterales,Roseobacteraceae
Seonamhaeicola,Flavobacteriia,Flavobacteriales,Flavobacteriaceae
Serinicoccus,Actinomycetes,Micrococcales,Ornithinimicrobiaceae
Serpentinimonas,Betaproteobacteria,Burkholderiales,Comamonadaceae
Serratia,Gammaproteobacteria,Enterobacterales,Yersiniaceae
Shewanella,Gammaproteobacteria,Alteromonadales,Shewanellaceae
Shigella,Gammaproteobacteria,Enterobacterales,Enterobacteriaceae
Shimia,Alphaproteobacteria,Rhodobacterales,Roseobacteraceae
Shimwellia,Gammaproteobacteria,Enterobacterales,Enterobacteriaceae
Shinella,Alphaproteobacteria,Hyphomicrobiales,Rhizobiaceae
Shouchella,Bacilli,Bacillales,Bacillaceae
Siansivirga,Flavobacteriia,Flavobacteriales,Flavobacteriaceae
Siccibacter,Gammaproteobacteria,Enterobacterales,Enterobacteriaceae
Sideroxyarcus,Betaproteobacteria,Nitrosomonadales,Gallionellaceae
Sideroxydans,Betaproteobacteria,Nitrosomonadales,Gallionellaceae
Silicimonas,Alphaproteobacteria,Rhodobacterales,Paracoccaceae
Silvimonas,Betaproteobacteria,Neisseriales,Chitinibacteraceae
Simiaoa,Clostridia,Lachnospirales,Lachnospiraceae
Simiduia,Gammaproteobacteria,Cellvibrionales,Cellvibrionaceae
Siminovitchia,Bacilli,Bacillales,Bacillaceae
Simkania,Chlamydiia,Parachlamydiales,Simkaniaceae
Simonsiella,Betaproteobacteria,Neisseriales,Neisseriaceae
Simplicispira,Betaproteobacteria,Burkholderiales,Comamonadaceae
Sinanaerobacter,Clostridia,Peptostreptococcales,Anaerovoracaceae
Singulisphaera,Planctomycetia,Isosphaerales,Isosphaeraceae
Sinimarinibacterium,Gammaproteobacteria,Nevskiales,Nevskiaceae
Sinomicrobium,Flavobacteriia,Flavobacteriales,Flavobacteriaceae
Sinomonas,Actinomycetes,Micrococcales,Micrococcaceae
Sinorhizobium,Alphaproteobacteria,Hyphomicrobiales,Rhizobiaceae
Skermanella,Alphaproteobacteria,Rhodospirillales,Azospirillaceae
Skermania,Actinomycetes,Mycobacteriales,Gordoniaceae
Slackia,Coriobacteriia,Eggerthellales,Eggerthellaceae
Sneathia,Fusobacteriia,Fusobacteriales,Leptotrichiaceae
Sneathiella,Alphaproteobacteria,Sneathiellales,Sneathiellaceae
Snodgrassella,Betaproteobacteria,Neisseriales,Neisseriaceae
Sodaliphilus,Bacteroidia,Bacteroidales,Muribaculaceae
Sodalis,Gammaproteobacteria,Enterobacterales,Bruguierivoracaceae
Solibacillus,Bacilli,Bacillales,Caryophanaceae
Solibaculum,Clostridia,Eubacteriales,Oscillospiraceae
Solidesulfovibrio,Desulfovibrionia,Desulfovibrionales,Desulfovibrionaceae
Solilutibacter,Gammaproteobacteria,Lysobacterales,Lysobacteraceae
Solimonas,Gammaproteobacteria,Nevskiales,Nevskiaceae
Solitalea,Sphingobacteriia,Sphingobacteriales,Sphingobacteriaceae
Solobacterium,Erysipelotrichia,Erysipelotrichales,Erysipelotrichaceae
Sorangium,Unknown,Polyangiales,Polyangiaceae
Spartinivicinus,Gammaproteobacteria,Oceanospirillales,Zooshikellaceae
Sphaerisporangium,Actinomycetes,Streptosporangiales,Streptosporangiaceae
Sphaerobacter,Thermomicrobia,Sphaerobacterales,Sphaerobacteraceae
Sphaerochaeta,Spirochaetia,Spirochaetales,Sphaerochaetaceae
Sphaerotilus,Betaproteobacteria,Burkholderiales,Sphaerotilaceae
Sphingobacterium,Sphingobacteriia,Sphingobacteriales,Sphingobacteriaceae
Sphingobium,Alphaproteobacteria,Sphingomonadales,Sphingomonadaceae
Sphingomonas,Alphaproteobacteria,Sphingomonadales,Sphingomonadaceae
Sphingopyxis,Alphaproteobacteria,Sphingomonadales,Sphingomonadaceae
Sphingorhabdus,Alphaproteobacteria,Sphingomonadales,Sphingomonadaceae
Sphingosinicella,Alphaproteobacteria,Sphingomonadales,Sphingosinicellaceae
Sphingosinithalassobacter,Alphaproteobacteria,Sphingomonadales,Sphingomonadaceae
Spiractinospora,Actinomycetes,Streptosporangiales,Nocardiopsidaceae
Spiribacter,Gammaproteobacteria,Chromatiales,Ectothiorhodospiraceae
Spirillospora,Actinomycetes,Streptosporangiales,Thermomonosporaceae
Spirobacillus,Oligoflexia,Silvanigrellales,Unknown
Spirochaeta,Spirochaetia,Spirochaetales,Spirochaetaceae
Spiroplasma,Mollicutes,Entomoplasmatales,Spiroplasmataceae
Spirosoma,Cytophagia,Cytophagales,Cytophagaceae
Spongiibacter,Gammaproteobacteria,Cellvibrionales,Spongiibacteraceae
Sporolactobacillus,Bacilli,Bacillales,Sporolactobacillaceae
Sporomusa,Negativicutes,Selenomonadales,Sporomusaceae
Sporosarcina,Bacilli,Bacillales,Caryophanaceae
Stackebrandtia,Actinomycetes,Glycomycetales,Glycomycetaceae
Stanieria,Cyanophyceae,Pleurocapsales,Dermocarpellaceae
Staphylococcus,Bacilli,Bacillales,Staphylococcaceae
Staphylospora,Bacilli,Bacillales,Thermoactinomycetaceae
Staphylothermus,Thermoprotei,Desulfurococcales,Desulfurococcaceae
Stappia,Alphaproteobacteria,Hyphomicrobiales,Stappiaceae
Starkeya,Alphaproteobacteria,Hyphomicrobiales,Xanthobacteraceae
Stella,Alphaproteobacteria,Rhodospirillales,Stellaceae
Stenotrophomonas,Gammaproteobacteria,Lysobacterales,Lysobacteraceae
Steroidobacter,Gammaproteobacteria,Steroidobacterales,Steroidobacteraceae
Stieleria,Planctomycetia,Pirellulales,Pirellulaceae
Stigmatella,Myxococcia,Myxococcales,Archangiaceae
Stomatobaculum,Clostridia,Lachnospirales,Lachnospiraceae
Streptacidiphilus,Actinomycetes,Kitasatosporales,Streptomycetaceae
Streptantibioticus,Actinomycetes,Kitasatosporales,Streptomycetaceae
Streptobacillus,Fusobacteriia,Fusobacteriales,Leptotrichiaceae
Streptococcus,Bacilli,Lactobacillales,Streptococcaceae
Streptomonospora,Actinomycetes,Streptosporangiales,Nocardiopsidaceae
Streptomyces,Actinomycetes,Kitasatosporales,Streptomycetaceae
Streptosporangium,Actinomycetes,Streptosporangiales,Streptosporangiaceae
Stutzerimonas,Gammaproteobacteria,Pseudomonadales,Pseudomonadaceae
Stygiolobus,Thermoprotei,Sulfolobales,Sulfolobaceae
Subdoligranulum,Clostridia,Eubacteriales,Oscillospiraceae
Subtercola,Actinomycetes,Micrococcales,Microbacteriaceae
Succinivibrio,Gammaproteobacteria,Aeromonadales,Succinivibrionaceae
Suicoccus,Bacilli,Lactobacillales,Aerococcaceae
Sulfidibacter,Holophagae,Acanthopleuribacterales,Acanthopleuribacteraceae
Sulfitobacter,Alphaproteobacteria,Rhodobacterales,Roseobacteraceae
Sulfodiicoccus,Thermoprotei,Sulfolobales,Sulfolobaceae
Sulfolobus,Thermoprotei,Sulfolobales,Sulfolobaceae
Sulfuracidifex,Thermoprotei,Sulfolobales,Sulfolobaceae
Sulfuricaulis,Gammaproteobacteria,Acidiferrobacterales,Acidiferrobacteraceae
Sulfuricella,Betaproteobacteria,Nitrosomonadales,Sulfuricellaceae
Sulfuricurvum,Epsilonproteobacteria,Campylobacterales,Sulfurimonadaceae
Sulfuricystis,Betaproteobacteria,Nitrosomonadales,Sterolibacteriaceae
Sulfuriferula,Betaproteobacteria,Nitrosomonadales,Sulfuricellaceae
Sulfuriflexus,Gammaproteobacteria,Chromatiales,Granulosicoccaceae
Sulfurifustis,Gammaproteobacteria,Acidiferrobacterales,Acidiferrobacteraceae
Sulfurihydrogenibium,Aquificia,Aquificales,Hydrogenothermaceae
Sulfurimicrobium,Betaproteobacteria,Nitrosomonadales,Sulfuricellaceae
Sulfurimonas,Epsilonproteobacteria,Campylobacterales,Sulfurimonadaceae
Sulfuriroseicoccus,Verrucomicrobiia,Verrucomicrobiales,Verrucomicrobiaceae
Sulfurisphaera,Thermoprotei,Sulfolobales,Sulfolobaceae
Sulfuritalea,Betaproteobacteria,Nitrosomonadales,Sterolibacteriaceae
Sulfuritortus,Betaproteobacteria,Nitrosomonadales,Thiobacillaceae
Sulfurivermis,Gammaproteobacteria,Thiohalomonadales,Thiohalomonadaceae
Sulfurospirillum,Epsilonproteobacteria,Campylobacterales,Sulfurospirillaceae
Sulfurovum,Epsilonproteobacteria,Campylobacterales,Sulfurovaceae
Superficieibacter,Gammaproteobacteria,Enterobacterales,Enterobacteriaceae
Sutcliffiella,Bacilli,Bacillales,Bacillaceae
Sutterella,Betaproteobacteria,Burkholderiales,Sutterellaceae
Suttonella,Gammaproteobacteria,Cardiobacteriales,Cardiobacteriaceae
Swingsia,Alphaproteobacteria,Acetobacterales,Acetobacteraceae
Symbiobacterium,Clostridia,Eubacteriales,Symbiobacteriaceae
Symbiopectobacterium,Gammaproteobacteria,Enterobacterales,Enterobacteriaceae
Symmachiella,Planctomycetia,Planctomycetales,Planctomycetaceae
Synechococcus,Cyanophyceae,Synechococcales,Synechococcaceae
Synechocystis,Cyanophyceae,Synechococcales,Merismopediaceae
Synoicihabitans,Opitutia,Opitutales,Opitutaceae
Syntrophobacter,Syntrophobacteria,Syntrophobacterales,Syntrophobacteraceae
Syntrophobotulus,Clostridia,Eubacteriales,Desulfitobacteriaceae
Syntrophomonas,Clostridia,Eubacteriales,Syntrophomonadaceae
Syntrophotalea,Desulfuromonadia,Desulfuromonadales,Syntrophotaleaceae
Syntrophothermus,Clostridia,Eubacteriales,Syntrophomonadaceae
Syntrophus,Syntrophia,Syntrophales,Syntrophaceae
Tabrizicola,Alphaproteobacteria,Rhodobacterales,Paracoccaceae
Tahibacter,Gammaproteobacteria,Lysobacterales,Rhodanobacteraceae
Tamlana,Flavobacteriia,Flavobacteriales,Flavobacteriaceae
Tannerella,Bacteroidia,Bacteroidales,Tannerellaceae
Tannockella,Erysipelotrichia,Erysipelotrichales,Coprobacillaceae
Tardibacter,Alphaproteobacteria,Sphingomonadales,Sphingomonadaceae
Tardiphaga,Alphaproteobacteria,Hyphomicrobiales,Nitrobacteraceae
Tateyamaria,Alphaproteobacteria,Rhodobacterales,Roseobacteraceae
Tatumella,Gammaproteobacteria,Enterobacterales,Erwiniaceae
Taurinivorans,Desulfovibrionia,Desulfovibrionales,Desulfovibrionaceae
Taylorella,Betaproteobacteria,Burkholderiales,Alcaligenaceae
Telluria,Betaproteobacteria,Burkholderiales,Oxalobacteraceae
Tellurirhabdus,Cytophagia,Cytophagales,Spirosomataceae
Telmatobacter,Terriglobia,Terriglobales,Acidobacteriaceae
Telmatocola,Planctomycetia,Gemmatales,Gemmataceae
Temperatibacter,Alphaproteobacteria,Kordiimonadales,Temperatibacteraceae
Tenacibaculum,Flavobacteriia,Flavobacteriales,Flavobacteriaceae
Tenuifilum,Bacteroidia,Bacteroidales,Tenuifilaceae
Tepidanaerobacter,Clostridia,Thermosediminibacterales,Tepidanaerobacteraceae
Tepidibacillus,Bacilli,Bacillales,Bacillaceae
Tepidibacter,Clostridia,Peptostreptococcales,Peptostreptococcaceae
Tepidiforma,Tepidiformia,Tepidiformales,Tepidiformaceae
Tepidimonas,Betaproteobacteria,Burkholderiales,Unknown
Tepiditoga,Thermotogae,Petrotogales,Petrotogaceae
Terasakiella,Alphaproteobacteria,Rhodospirillales,Terasakiellaceae
Teredinibacter,Gammaproteobacteria,Cellvibrionales,Cellvibrionaceae
Termitidicoccus,Opitutia,Opitutales,Opitutaceae
Terrabacter,Actinomycetes,Micrococcales,Intrasporangiaceae
Terribacillus,Bacilli,Bacillales,Bacillaceae
Terribium,Alphaproteobacteria,Hyphomicrobiales,Phyllobacteriaceae
Terricaulis,Alphaproteobacteria,Caulobacterales,Caulobacteraceae
Terriglobus,Terriglobia,Terriglobales,Acidobacteriaceae
Terrihabitans,Alphaproteobacteria,Hyphomicrobiales,Unknown
Terrirubrum,Alphaproteobacteria,Hyphomicrobiales,Terrirubraceae
Terrisporobacter,Clostridia,Peptostreptococcales,Peptostreptococcaceae
Tessaracoccus,Actinomycetes,Propionibacteriales,Propionibacteriaceae
Tetragenococcus,Bacilli,Lactobacillales,Enterococcaceae
Thalassobaculum,Alphaproteobacteria,Rhodospirillales,Thalassobaculaceae
Thalassobellus,Flavobacteriia,Flavobacteriales,Flavobacteriaceae
Thalassococcus,Alphaproteobacteria,Rhodobacterales,Roseobacteraceae
Thalassolituus,Gammaproteobacteria,Oceanospirillales,Oceanospirillaceae
Thalassomonas,Gammaproteobacteria,Alteromonadales,Colwelliaceae
Thalassospira,Alphaproteobacteria,Rhodospirillales,Thalassospiraceae
Thalassotalea,Gammaproteobacteria,Alteromonadales,Colwelliaceae
Thalassovita,Alphaproteobacteria,Rhodobacterales,Roseobacteraceae
Thauera,Betaproteobacteria,Rhodocyclales,Zoogloeaceae
Thaumasiovibrio,Gammaproteobacteria,Vibrionales,Vibrionaceae
Thermacetogenium,Clostridia,Thermoanaerobacterales,Thermoanaerobacteraceae
Thermaerobacillus,Bacilli,Bacillales,Anoxybacillaceae
Thermaerobacter,Clostridia,Eubacteriales,Clostridiales Family XVII. Incertae Sedis
Thermanaerosceptrum,Clostridia,Eubacteriales,Peptococcaceae
Thermanaerovibrio,Synergistia,Synergistales,Synergistaceae
Thermatribacter,Atribacteria,Atribacterales,Thermatribacteraceae
Thermincola,Clostridia,Eubacteriales,Thermincolaceae
Thermithiobacillus,Acidithiobacillia,Acidithiobacillales,Thermithiobacillaceae
Thermoactinomyces,Bacilli,Bacillales,Thermoactinomycetaceae
Thermoanaerobacter,Clostridia,Thermoanaerobacterales,Thermoanaerobacteraceae
Thermoanaerobacterium,Clostridia,Thermoanaerobacterales,Thermoanaerobacteraceae
Thermobacillus,Bacilli,Bacillales,Paenibacillaceae
Thermobaculum,Chloroflexia,Candidatus Thermobaculales,Candidatus Thermobaculaceae
Thermobifida,Actinomycetes,Streptosporangiales,Nocardiopsidaceae
Thermobispora,Actinomycetes,Streptosporangiales,Streptosporangiaceae
Thermocaproicibacter,Clostridia,Eubacteriales,Oscillospiraceae
Thermochromatium,Gammaproteobacteria,Chromatiales,Chromatiaceae
Thermoclostridium,Clostridia,Eubacteriales,Oscillospiraceae
Thermococcus,Thermococci,Thermococcales,Thermococcaceae
Thermocoleostomius,Cyanophyceae,Oculatellales,Oculatellaceae
Thermocrinis,Aquificia,Aquificales,Aquificaceae
Thermodesulfatator,Thermodesulfobacteria,Thermodesulfobacteriales,Thermodesulfatatoraceae
Thermodesulfobacterium,Thermodesulfobacteria,Thermodesulfobacteriales,Thermodesulfobacteriaceae
Thermodesulfobium,Thermodesulfobiia,Thermodesulfobiales,Thermodesulfobiaceae
Thermodesulfomicrobium,Desulfovibrionia,Desulfovibrionales,Desulfomicrobiaceae
Thermodesulfovibrio,Thermodesulfovibrionia,Thermodesulfovibrionales,Thermodesulfovibrionaceae
Thermofilum,Thermoprotei,Thermofilales,Thermofilaceae
Thermogladius,Thermoprotei,Desulfurococcales,Desulfurococcaceae
Thermogutta,Planctomycetia,Pirellulales,Thermoguttaceae
Thermoleophilum,Thermoleophilia,Thermoleophilales,Thermoleophilaceae
Thermoleptolyngbya,Cyanophyceae,Oculatellales,Oculatellaceae
Thermomicrobium,Thermomicrobia,Thermomicrobiales,Thermomicrobiaceae
Thermomonas,Gammaproteobacteria,Lysobacterales,Lysobacteraceae
Thermomonospora,Actinomycetes,Streptosporangiales,Thermomonosporaceae
Thermophilibacter,Coriobacteriia,Coriobacteriales,Atopobiaceae
Thermoplasma,Thermoplasmata,Thermoplasmatales,Thermoplasmataceae
Thermoproteus,Thermoprotei,Thermoproteales,Thermoproteaceae
Thermosediminibacter,Clostridia,Thermosediminibacterales,Thermosediminibacteraceae
Thermosipho,Thermotogae,Thermotogales,Fervidobacteriaceae
Thermosphaera,Thermoprotei,Desulfurococcales,Desulfurococcaceae
Thermospira,Spirochaetia,Brevinematales,Thermospiraceae
Thermosulfidibacter,Thermosulfidibacteria,Thermosulfidibacterales,Thermosulfidibacteraceae
Thermosulfurimonas,Thermodesulfobacteria,Thermodesulfobacteriales,Thermodesulfobacteriaceae
Thermosulfuriphilus,Thermodesulfobacteria,Thermodesulfobacteriales,Thermodesulfobacteriaceae
Thermosynechococcus,Cyanophyceae,Acaryochloridales,Thermosynechococcaceae
Thermotoga,Thermotogae,Thermotogales,Thermotogaceae
Thermotomaculum,Holophagae,Thermotomaculales,Thermotomaculaceae
Thermovibrio,Aquificia,Desulfurobacteriales,Desulfurobacteriaceae
Thermus,Deinococci,Thermales,Thermaceae
Thioalkalivibrio,Gammaproteobacteria,Chromatiales,Ectothiorhodospiraceae
Thiobacillus,Betaproteobacteria,Nitrosomonadales,Thiobacillaceae
Thiocapsa,Gammaproteobacteria,Chromatiales,Chromatiaceae
Thioclava,Alphaproteobacteria,Rhodobacterales,Paracoccaceae
Thiocystis,Gammaproteobacteria,Chromatiales,Chromatiaceae
Thiodictyon,Gammaproteobacteria,Chromatiales,Chromatiaceae
Thioflavicoccus,Gammaproteobacteria,Chromatiales,Chromatiaceae
Thiohalobacter,Gammaproteobacteria,Thiohalobacterales,Thiohalobacteraceae
Thiolapillus,Gammaproteobacteria,Chromatiales,Sedimenticolaceae
Thiomicrorhabdus,Gammaproteobacteria,Thiotrichales,Piscirickettsiaceae
Thiomicrospira,Gammaproteobacteria,Thiotrichales,Piscirickettsiaceae
Thiomonas,Betaproteobacteria,Burkholderiales,Unknown
Thiopseudomonas,Gammaproteobacteria,Pseudomonadales,Pseudomonadaceae
Thiorhodovibrio,Gammaproteobacteria,Chromatiales,Chromatiaceae
Thiosocius,Gammaproteobacteria,Chromatiales,Sedimenticolaceae
Thiospirochaeta,Spirochaetia,Spirochaetales,Spirochaetaceae
Thiosulfatimonas,Gammaproteobacteria,Thiotrichales,Piscirickettsiaceae
Thiosulfativibrio,Gammaproteobacteria,Thiotrichales,Piscirickettsiaceae
Thiothrix,Gammaproteobacteria,Thiotrichales,Thiotrichaceae
Thomasclavelia,Erysipelotrichia,Erysipelotrichales,Coprobacillaceae
Tichowtungia,Tichowtungiia,Tichowtungiales,Tichowtungiaceae
Tissierella,Tissierellia,Tissierellales,Tissierellaceae
Tistrella,Alphaproteobacteria,Geminicoccales,Geminicoccaceae
Tolumonas,Gammaproteobacteria,Aeromonadales,Aeromonadaceae
Tolypothrix,Cyanophyceae,Nostocales,Tolypothrichaceae
Tomitella,Actinomycetes,Mycobacteriales,Unknown
Trabulsiella,Gammaproteobacteria,Enterobacterales,Enterobacteriaceae
Treponema,Spirochaetia,Spirochaetales,Treponemataceae
Trichlorobacter,Desulfuromonadia,Geobacterales,Geobacteraceae
Trichodesmium,Cyanophyceae,Oscillatoriales,Microcoleaceae
Trichormus,Cyanophyceae,Nostocales,Nostocaceae
Trichothermofontia,Cyanophyceae,Leptolyngbyales,Trichocoleusaceae
Trinickia,Betaproteobacteria,Burkholderiales,Burkholderiaceae
Tritonibacter,Alphaproteobacteria,Rhodobacterales,Paracoccaceae
Tropheryma,Actinomycetes,Micrococcales,Tropherymataceae
Tropicibacter,Alphaproteobacteria,Rhodobacterales,Roseobacteraceae
Truepera,Deinococci,Trueperales,Trueperaceae
Trueperella,Actinomycetes,Actinomycetales,Actinomycetaceae
Tsukamurella,Actinomycetes,Mycobacteriales,Tsukamurellaceae
Tsuneonella,Alphaproteobacteria,Sphingomonadales,Erythrobacteraceae
Tumebacillus,Bacilli,Bacillales,Alicyclobacillaceae
Tunicatimonas,Cytophagia,Cytophagales,Catalimonadaceae
Tunturiibacter,Terriglobia,Terriglobales,Acidobacteriaceae
Turicibacter,Erysipelotrichia,Erysipelotrichales,Turicibacteraceae
Turneriella,Spirochaetia,Leptospirales,Leptospiraceae
Tuwongella,Planctomycetia,Gemmatales,Gemmataceae
Tyzzerella,Clostridia,Lachnospirales,Lachnospiraceae
Undibacterium,Betaproteobacteria,Burkholderiales,Oxalobacteraceae
Unknown,Gammaproteobacteria,Pseudomonadales,Pseudomonadaceae
Urbifossiella,Planctomycetia,Gemmatales,Gemmataceae
Ureaplasma,Unknown,Mycoplasmoidales,Mycoplasmoidaceae
Urechidicola,Flavobacteriia,Flavobacteriales,Flavobacteriaceae
Ureibacillus,Bacilli,Bacillales,Caryophanaceae
Uruburuella,Betaproteobacteria,Neisseriales,Neisseriaceae
Usitatibacter,Betaproteobacteria,Nitrosomonadales,Usitatibacteraceae
Utexia,Gammaproteobacteria,Orbales,Orbaceae
Vaginella,Flavobacteriia,Flavobacteriales,Flavobacteriaceae
Vaginimicrobium,Actinomycetes,Propionibacteriales,Propionibacteriaceae
Vagococcus,Bacilli,Lactobacillales,Enterococcaceae
Vallitalea,Clostridia,Lachnospirales,Vallitaleaceae
Vandammella,Betaproteobacteria,Burkholderiales,Comamonadaceae
Varibaculum,Actinomycetes,Actinomycetales,Actinomycetaceae
Variibacter,Alphaproteobacteria,Hyphomicrobiales,Nitrobacteraceae
Variovorax,Betaproteobacteria,Burkholderiales,Comamonadaceae
Varunaivibrio,Alphaproteobacteria,Rhodospirillales,Magnetovibrionaceae
Veillonella,Negativicutes,Veillonellales,Veillonellaceae
Venatoribacter,Gammaproteobacteria,Oceanospirillales,Oceanospirillaceae
Verminephrobacter,Betaproteobacteria,Burkholderiales,Comamonadaceae
Verrucomicrobium,Verrucomicrobiia,Verrucomicrobiales,Verrucomicrobiaceae
Vescimonas,Clostridia,Eubacteriales,Oscillospiraceae
Vibrio,Gammaproteobacteria,Vibrionales,Vibrionaceae
Virgibacillus,Bacilli,Bacillales,Bacillaceae
Viridibacillus,Bacilli,Bacillales,Caryophanaceae
Vitreoscilla,Betaproteobacteria,Neisseriales,Neisseriaceae
Vogesella,Betaproteobacteria,Neisseriales,Chromobacteriaceae
Vreelandella,Gammaproteobacteria,Oceanospirillales,Halomonadaceae
Vulcanimicrobium,Vulcanimicrobiia,Vulcanimicrobiales,Vulcanimicrobiaceae
Vulcanisaeta,Thermoprotei,Thermoproteales,Thermoproteaceae
Vulgatibacter,Myxococcia,Myxococcales,Vulgatibacteraceae
Waddlia,Chlamydiia,Parachlamydiales,Waddliaceae
Wansuia,Clostridia,Lachnospirales,Lachnospiraceae
Weeksella,Flavobacteriia,Flavobacteriales,Weeksellaceae
Weissella,Bacilli,Lactobacillales,Lactobacillaceae
Wenyingzhuangia,Flavobacteriia,Flavobacteriales,Flavobacteriaceae
Wenzhouxiangella,Gammaproteobacteria,Chromatiales,Wenzhouxiangellaceae
Wielerella,Betaproteobacteria,Neisseriales,Neisseriaceae
Wigglesworthia,Gammaproteobacteria,Enterobacterales,Erwiniaceae
Williamsia,Actinomycetes,Mycobacteriales,Nocardiaceae
Williamsoniiplasma,Mollicutes,Entomoplasmatales,Unknown
Winkia,Actinomycetes,Actinomycetales,Actinomycetaceae
Winogradskyella,Flavobacteriia,Flavobacteriales,Flavobacteriaceae
Winslowiella,Gammaproteobacteria,Enterobacterales,Erwiniaceae
Woeseia,Gammaproteobacteria,Woeseiales,Woeseiaceae
Wohlfahrtiimonas,Gammaproteobacteria,Cardiobacteriales,Ignatzschineriaceae
Wolbachia,Alphaproteobacteria,Rickettsiales,Anaplasmataceae
Wolinella,Epsilonproteobacteria,Campylobacterales,Helicobacteraceae
Wujia,Clostridia,Lachnospirales,Lachnospiraceae
Xanthobacter,Alphaproteobacteria,Hyphomicrobiales,Xanthobacteraceae
Xanthomonas,Gammaproteobacteria,Lysobacterales,Lysobacteraceae
Xenorhabdus,Gammaproteobacteria,Enterobacterales,Morganellaceae
Xiamenia,Coriobacteriia,Eggerthellales,Eggerthellaceae
Xiashengella,Bacteroidia,Marinilabiliales,Marinilabiliaceae
Xylanibacter,Bacteroidia,Bacteroidales,Prevotellaceae
Xylanimonas,Actinomycetes,Micrococcales,Promicromonosporaceae
Xylella,Gammaproteobacteria,Lysobacterales,Lysobacteraceae
Xylocopilactobacillus,Bacilli,Lactobacillales,Lactobacillaceae
Xylophilus,Betaproteobacteria,Burkholderiales,Unknown
Yersinia,Gammaproteobacteria,Enterobacterales,Yersiniaceae
Yimella,Actinomycetes,Micrococcales,Dermacoccaceae
Yinghuangia,Actinomycetes,Kitasatosporales,Streptomycetaceae
Yokenella,Gammaproteobacteria,Enterobacterales,Enterobacteriaceae
Yoonia,Alphaproteobacteria,Rhodobacterales,Paracoccaceae
Zhaonella,Clostridia,Moorellales,Zhaonellaceae
Zhongshania,Gammaproteobacteria,Cellvibrionales,Spongiibacteraceae
Zhouia,Flavobacteriia,Flavobacteriales,Flavobacteriaceae
Zobellella,Gammaproteobacteria,Aeromonadales,Aeromonadaceae
Zobellia,Flavobacteriia,Flavobacteriales,Flavobacteriaceae
Zophobihabitans,Gammaproteobacteria,Orbales,Orbaceae
Zunongwangia,Flavobacteriia,Flavobacteriales,Flavobacteriaceae
Zymobacter,Gammaproteobacteria,Oceanospirillales,Halomonadaceae
Zymomonas,Alphaproteobacteria,Sphingomonadales,Zymomonadaceae
